step,GoofSpiel3/conv,GoofSpiel3/iters,GoofSpiel3/nodes_touched,GoofSpiel3/tau,GoofSpiel3/alpha,GoofSpiel3/beta,GoofSpiel3/gamma
0,0.6666666666666666,0,0,,,,
1,0.6666666666666666,1,134,1,1.022487919143947,-0.8825253571253124,4.997255630074201
2,0.1414447885604052,2,268,1,1.025533353584024,-0.883895888064117,4.997224649023956
3,0.016926883123355354,3,402,1,0.9627525753744604,-0.8960646425302452,4.997659271284914
4,0.003595548772453757,4,536,1,0.8789980765786711,-0.9229320375840238,4.998158278317758
5,0.001056681530196626,5,670,1,0.8200352001156119,-0.948682167561826,4.998443767393396
6,0.00038332803903718917,6,804,1,0.7755786789919561,-0.972737327847017,4.998629606230767
7,0.00016126204236863704,7,938,1,0.7404334415702749,-0.9957027209259892,4.998759606480903
8,7.573518157619542e-05,8,1072,1,0.7118064159038997,-1.0175737749311242,4.998855877307728
9,3.872724611972598e-05,9,1206,1,0.687780147629895,-1.038620641449892,4.998929753049973
10,2.1192035371124696e-05,10,1340,1,0.6670768657684505,-1.058697260123035,4.998987704028792
11,1.2255741835908895e-05,11,1474,1,0.6489605637426632,-1.0779295320782447,4.99903416935713
12,7.421123815500671e-06,12,1608,1,0.6331679728097037,-1.0964269978897971,4.9990719110081105
13,4.671559861691386e-06,13,1742,1,0.6194251974440148,-1.1142854759224927,4.99910286384025
14,3.0400975739892065e-06,14,1876,1,0.6073621231481403,-1.131601226794191,4.999128511687354
15,2.0361430313498185e-06,15,2010,1,0.596696355066777,-1.1484494309151707,4.999149925290876
16,1.3984680579076643e-06,16,2144,1,0.587208088182334,-1.1648900165325802,4.9991678972894595
17,9.82037664756584e-07,17,2278,1,0.5787232785377503,-1.1809715906543592,4.9991830273582
18,7.033308950686252e-07,18,2412,1,0.571102049431703,-1.1967341707475512,4.999195777771167
19,5.12675600967459e-07,19,2546,1,0.5642305060825192,-1.2122111324878315,4.999206510742757
20,3.796722624002685e-07,20,2680,1,0.5580143891230205,-1.227427624078078,4.999215515836336
21,2.8523347227483664e-07,21,2814,1,0.5523670489647898,-1.242348270584849,4.999223056974784
22,2.1709496013697083e-07,22,2948,1,0.5472209277763662,-1.2569768182810692,4.999229330227921
23,1.6721037402616544e-07,23,3082,1,0.5425219742244174,-1.271338411681153,4.99923448525322
24,1.3019952899283384e-07,24,3216,1,0.5382240225811241,-1.2854549611745167,4.9992386463653995
25,1.0240207930483108e-07,25,3350,1,0.5342873711856664,-1.299345683187997,4.999241917657813
26,8.128785889649822e-08,26,3484,1,0.5306808179608455,-1.3129978614508944,4.999244428118713
27,6.508215414766287e-08,27,3618,1,0.5273780960342622,-1.3263903325171147,4.999246301166609
28,5.2523214168023724e-08,28,3752,1,0.5243521482044688,-1.3395422208286134,4.99924759212394
29,4.27026898473206e-08,29,3886,1,0.5215785863103795,-1.352476691418492,4.999248348122444
30,3.4959005068485863e-08,30,4020,1,0.5190364434717856,-1.3652093287902671,4.999248610210587
31,2.8805070561740357e-08,31,4154,1,0.5167075838479442,-1.3777503612803055,4.999248423008902
32,2.3878620446183664e-08,32,4288,1,0.5145815729458962,-1.390108923571153,4.9992478309399235
33,1.9907663486027913e-08,33,4422,1,0.5126441636157553,-1.4022957916336294,4.9992468602779025
34,1.6686167152124707e-08,34,4556,1,0.5108815193442311,-1.4143206233299774,4.9992455337485495
35,1.405675562353318e-08,35,4690,1,0.5092812132264455,-1.4261922524738644,4.999243871417444
36,1.1898271516675646e-08,36,4824,1,0.5078319324855549,-1.437918790031763,4.999241891054993
37,1.0116747296693676e-08,37,4958,1,0.5065202085393694,-1.4495081181904763,4.9992396087982325
38,8.638791706022403e-09,38,5092,1,0.5053333517888245,-1.4609688540761254,4.9992370395582855
39,7.406703366470779e-09,39,5226,1,0.504263291044188,-1.4723074522323523,4.999234195786821
40,6.374830988745946e-09,40,5360,1,0.503302937672262,-1.4835296250342036,4.999231088475145
41,5.506841170167158e-09,41,5494,1,0.5024458117558388,-1.4946406735053854,4.999227727428313
42,4.773652411827148e-09,42,5628,1,0.5016859768329993,-1.5056455262961095,4.9992241213980515
43,4.1518620076718185e-09,43,5762,1,0.5010173363913739,-1.5165471539785695,4.999220280865923
44,3.622540276561069e-09,44,5896,1,0.5004342756605893,-1.5273483280496938,4.999216215309257
45,3.1703005185039164e-09,45,6030,1,0.4999316435681007,-1.5380530360641422,4.999211927294644
46,2.7825773234414243e-09,46,6164,1,0.49950421453748683,-1.5486648750093486,4.999207416306377
47,2.4490633363588103e-09,47,6298,1,0.49914818155472807,-1.5591875317014043,4.999202687501903
48,2.161267272562259e-09,48,6432,1,0.4988600381043793,-1.5696244715453844,4.9991977455797
49,1.9121652582385127e-09,49,6566,1,0.49863652980393347,-1.5799789502143309,4.999192594703857
50,1.695924406643494e-09,50,6700,1,0.4984746317265305,-1.5902540303858697,4.999187238552375
51,1.5076826072325975e-09,51,6834,1,0.4983715281652419,-1.600452596828653,4.99918168035982
52,1.3433722849224078e-09,52,6968,1,0.4983245945342434,-1.6105773700310195,4.999175922955063
53,1.1995787234750013e-09,53,7102,1,0.49833138114525743,-1.6206309185384973,4.9991699687947655
54,1.073425688384541e-09,54,7236,1,0.4983895986339073,-1.630615670144897,4.999163819993133
55,9.624827101100178e-10,55,7370,1,0.4984971048413467,-1.640533922063113,4.999157478348412
56,8.646896289518628e-10,56,7504,1,0.4986518929825263,-1.650387850185799,4.999150945366532
57,7.782949543870272e-10,57,7638,1,0.4988520809546291,-1.6601795175323975,4.999144222282228
58,7.018053251792424e-10,58,7772,1,0.499095901658114,-1.6699108819672426,4.99913731007795
59,6.33943924722087e-10,59,7906,1,0.49938169288234757,-1.6795834698968943,4.999130209708028
60,5.736161481566252e-10,60,8040,1,0.49970787687003515,-1.6891951607137203,4.999122924134233
61,5.198811633381606e-10,61,8174,1,0.5000729790235181,-1.6987465574766174,4.999115454403342
62,4.719282789335618e-10,62,8308,1,0.5004756138985482,-1.7082393058019973,4.99910780067793
63,4.290572466988206e-10,63,8442,1,0.5009144831830881,-1.7176749274889171,4.99909996297052
64,3.9066179414802104e-10,64,8576,1,0.5013883553795571,-1.7270549016250667,4.9990919411083725
65,3.5621581820474177e-10,65,8710,1,0.5018960616096186,-1.7363806659141923,4.999083734743749
66,3.2526177757682195e-10,66,8844,1,0.5024364962681402,-1.7456535935040984,4.9990753433779815
67,2.9740090733860536e-10,67,8978,1,0.5030093477180397,-1.7548677214669477,4.999066776440024
68,2.722849480723628e-10,68,9112,1,0.5036149219603316,-1.7640114155093856,4.9990580513283
69,2.4960913741205257e-10,69,9246,1,0.5042522715565823,-1.7730858796762878,4.999049167733919
70,2.2910625667088278e-10,70,9380,1,0.5049204731582986,-1.7820925185101895,4.9990401248991105
71,2.105415616276932e-10,71,9514,1,0.505614299262739,-1.791015165157529,4.999030913880761
72,1.9370845613951953e-10,72,9648,1,0.506327369348589,-1.7998327113634724,4.9990215231340045
73,1.7842479139862456e-10,73,9782,1,0.5070592306811841,-1.808547665066291,4.999011951819686
74,1.645296934228825e-10,74,9916,1,0.5078094789774488,-1.8171625479978444,4.999002199049347
75,1.5188083758461135e-10,75,10050,1,0.5085777286082152,-1.8256797855068143,4.998992263836267
76,1.403521023317646e-10,76,10184,1,0.5093636115579656,-1.8341017113763578,4.9989821450990926
77,1.2983154527043867e-10,77,10318,1,0.5101667764554119,-1.8424305723442833,4.998971841665131
78,1.2021965389065708e-10,78,10452,1,0.5109868876692407,-1.850668532347572,4.998961352273362
79,1.1142783077594327e-10,79,10586,1,0.511823624463907,-1.8588176765112143,4.998950675577158
80,1.0337707942195796e-10,80,10720,1,0.5126766802107579,-1.866880014899632,4.998939810146768
81,9.599686202769353e-11,81,10854,1,0.5135457616502734,-1.8748574860475387,4.998928754471564
82,8.922410499887218e-11,82,10988,1,0.5144304758201241,-1.8827518861495944,4.998917507455475
83,8.300233156762366e-11,83,11122,1,0.5153302722056701,-1.8905648347155197,4.998906068693987
84,7.72809040078617e-11,84,11256,1,0.5162448951750571,-1.8982980763916093,4.9988944364853864
85,7.201436051183916e-11,85,11390,1,0.5171741141898014,-1.9059533059106761,4.998882608991041
86,6.716183397332409e-11,86,11524,1,0.5181177082811992,-1.9135321608299922,4.998870584302053
87,6.268654176384756e-11,87,11658,1,0.5190754655914036,-1.9210362240475496,4.998858360440336
88,5.855533714643726e-11,88,11792,1,0.5200470223841138,-1.9284673874332539,4.998845935789346
89,5.473831429217303e-11,89,11926,1,0.5210302033073344,-1.9358315861028697,4.998833313597589
90,5.1208459987853214e-11,90,12060,1,0.5220242511128383,-1.9431315152300668,4.9988204933436275
91,4.794134607773997e-11,91,12194,1,0.5230288122702458,-1.9503687006693484,4.998807472540875
92,4.491485749689206e-11,92,12328,1,0.5240440941000606,-1.9575479702003649,4.9987942539312895
93,4.210895144972001e-11,93,12462,1,0.5250699013020843,-1.9646775018385938,4.998780850714963
94,3.950544388352532e-11,94,12596,1,0.5261028747658645,-1.9717542260961942,4.998767271188454
95,3.708781991670628e-11,95,12730,1,0.5271426974697673,-1.978778743651344,4.998753514015519
96,3.4841065319344876e-11,96,12864,1,0.5281892967544877,-1.9857519480232135,4.998739577106876
97,3.275151652127302e-11,97,12998,1,0.5292426022387977,-1.9926747063688883,4.998725458338938
98,3.0806726947536954e-11,98,13132,1,0.5303025457292638,-1.9995478604974695,4.9987111555536075
99,2.899534776142043e-11,99,13266,1,0.5313690611343558,-2.0063722278357994,4.998696666558056
100,2.7307021337360915e-11,100,13400,1,0.5324420843826783,-2.01314860234858,4.998681989124486
101,2.5732285995685012e-11,101,13534,1,0.5335215533451132,-2.019877755415486,4.998667120989877
102,2.4262490712752503e-11,102,13668,1,0.5346074077606147,-2.0265604366676153,4.998652059855718
103,2.2889718677781638e-11,103,13802,1,0.5356995891654917,-2.033197374785555,4.998636803387724
104,2.1606718704691655e-11,104,13936,1,0.5367980408259485,-2.0397892782611855,4.998621349215538
105,2.040684362660411e-11,105,14070,1,0.5379027076737279,-2.0463368361251377,4.998605694932422
106,1.9283994904634812e-11,106,14204,1,0.5390135362446746,-2.0528407186417956,4.998589838094929
107,1.8232572773370306e-11,107,14338,1,0.5401304746200646,-2.0593015779735455,4.998573776222565
108,1.7247431324743236e-11,108,14472,1,0.5412534723705535,-2.065720048815906,4.99855750679744
109,1.6323838001431592e-11,109,14606,1,0.5423824805025987,-2.0720967490050657,4.998541027263906
110,1.5457437031722096e-11,110,14740,1,0.5435174514072307,-2.0784322800992316,4.998524335028174
111,1.4644216391128447e-11,111,14874,1,0.5446583388110515,-2.084727227935187,4.998507427457931
112,1.3880477922913862e-11,112,15008,1,0.5458050977293394,-2.0909821631612524,4.998490301881941
113,1.3162810290873527e-11,113,15142,1,0.546957684421151,-2.0971976417479126,4.998472955589627
114,1.2488064474010198e-11,114,15276,1,0.5481160563463319,-2.10337420547717,4.998455385830648
115,1.1853331544711953e-11,115,15410,1,0.5492801721243192,-2.109512382411702,4.998437589814469
116,1.1255922500256421e-11,116,15544,1,0.5504499914946663,-2.1156126873448358,4.998419564709908
117,1.069334994239108e-11,117,15678,1,0.5516254752791896,-2.1216756222322486,4.998401307644678
118,1.0163311421781749e-11,118,15812,1,0.55280658582299,-2.127701684050189,4.998382815684142
119,9.663674283637036e-12,119,15946,1,0.553993296356514,-2.1336915067112976,4.998364085429659
120,9.192461868105646e-12,120,16080,1,0.5551855757509003,-2.1396456170822034,4.998345113690958
121,8.747840934389774e-12,121,16214,1,0.5563833898669337,-2.1455644676386356,4.998325897408263
122,8.32811019114267e-12,122,16348,1,0.5575867054599386,-2.1514484999610226,4.998306433477685
123,7.931689827830173e-12,123,16482,1,0.558795474602112,-2.157298691976296,4.998286718263003
124,7.557111952518921e-12,124,16616,1,0.5600095474401541,-2.1631196186168498,4.9982667448093
125,7.20301185112414e-12,125,16750,1,0.5612288696112158,-2.168912502002384,4.998246508997179
126,6.86811999173819e-12,126,16884,1,0.562453412290906,-2.1746776826144307,4.9982260074279505
127,6.551254705289201e-12,127,17018,1,0.5636832576924433,-2.1804156032067348,4.998205236897426
128,6.2513154805904116e-12,128,17152,1,0.5649199940175804,-2.1861282022300514,4.998184197531755
129,5.9672768179601976e-12,129,17286,1,0.5661641168850851,-2.1918163069797547,4.998162887078933
130,5.698182591027846e-12,130,17420,1,0.567415585331263,-2.1974801980524425,4.9981413020576575
131,5.443140871227955e-12,131,17554,1,0.5686743596480239,-2.2031201492772947,4.998119438937374
132,5.201319173869084e-12,132,17688,1,0.5699404013435616,-2.208736427916383,4.998097294137644
133,4.9719400885910496e-12,133,17822,1,0.5712136869404456,-2.214329327083924,4.998074864061142
134,4.754277260547208e-12,134,17956,1,0.5724956113673159,-2.219902432928936,4.998052148539941
135,4.5476516918322034e-12,135,18090,1,0.5737870833683529,-2.22545820519508,4.9980291462671875
136,4.35142833551758e-12,136,18224,1,0.5750880550231117,-2.2309968408267395,4.998005853590467
137,4.165012957218195e-12,137,18358,1,0.5763984812191871,-2.2365185260658365,4.997982266815344
138,3.9878492414279e-12,138,18492,1,0.5777183184648202,-2.2420234426914645,4.997958382197337
139,3.819416121946114e-12,139,18626,1,0.5790475248402125,-2.2475117681442907,4.9979341959412515
140,3.659225317596131e-12,140,18760,1,0.5803860599506865,-2.2529836756467274,4.997909704200526
141,3.5068190561326577e-12,141,18894,1,0.5817338848816156,-2.258439334319067,4.997884903076546
142,3.3617679707689184e-12,142,19028,1,0.5830909621550295,-2.2638789092917193,4.997859788617962
143,3.223669155139578e-12,143,19162,1,0.5844572556878367,-2.2693025618137153,4.9978343568199906
144,3.0921443637697512e-12,144,19296,1,0.5858327448825871,-2.274710515872596,4.997808603552565
145,2.9668383462556334e-12,145,19430,1,0.5872174101723422,-2.280102989998699,4.9977825246294145
146,2.847417304391044e-12,146,19564,1,0.5886112187425754,-2.2854801305561128,4.9977561158804376
147,2.7335674624070316e-12,147,19698,1,0.5900141390407936,-2.290842080528273,4.997729373079153
148,2.6249937413379555e-12,148,19832,1,0.5914261407412755,-2.2961889796074844,4.997702291941947
149,2.521418529295784e-12,149,19966,1,0.592847194710935,-2.3015209642809547,4.9976748681273095
150,2.422580540132465e-12,150,20100,1,0.5942772729763948,-2.306838167914119,4.997647097235058
151,2.328233753604842e-12,151,20234,1,0.5957163486922143,-2.312140720831332,4.997618974805551
152,2.238146430733951e-12,152,20368,1,0.5971643961102382,-2.317428750394068,4.997590496318894
153,2.152100198576034e-12,153,20502,1,0.59862139055,-2.3227023810766982,4.997561657194122
154,2.0698891991013322e-12,154,20636,1,0.600087308370155,-2.327961734539931,4.997532452788383
155,1.991319297312974e-12,155,20770,1,0.6015621269408855,-2.3332069297019973,4.997502878396101
156,1.9162073441364846e-12,156,20904,1,0.6030454853923082,-2.3384383383802025,4.9974729285750525
157,1.8443804899731397e-12,157,21038,1,0.6045366285908991,-2.3436566250870996,4.997442597000193
158,1.7756755451409408e-12,158,21172,1,0.6060355142027776,-2.348861913311041,4.997411878663215
159,1.7099383837316317e-12,159,21306,1,0.6075421260423579,-2.354054304971544,4.9973807685380995
160,1.6470233876883277e-12,160,21440,1,0.6090564486167782,-2.3592338996775823,4.997349261530219
161,1.5867929281615051e-12,161,21574,1,0.6105784671081556,-2.364400794784219,4.997317352475386
162,1.5291168814328627e-12,162,21708,1,0.6121081673564075,-2.3695550854476206,4.997285036138909
163,1.4738721769087842e-12,163,21842,1,0.6136455358426274,-2.3746968646784388,4.997252307214616
164,1.4209423748795575e-12,164,21976,1,0.615190559672989,-2.3798262233936796,4.997219160323875
165,1.3702172719187327e-12,165,22110,1,0.6167432265631623,-2.3849432504670727,4.997185590014598
166,1.321592531960474e-12,166,22244,1,0.6183035248232174,-2.390048032778021,4.9971515907602235
167,1.2749693412427715e-12,167,22378,1,0.6198714433430044,-2.395140655259147,4.997117156958694
168,1.2302540854421088e-12,168,22512,1,0.6214469715779833,-2.400221200942511,4.9970822829314105
169,1.1873580474516995e-12,169,22646,1,0.6230300995354923,-2.405289751004537,4.997046962922175
170,1.146197124371712e-12,170,22780,1,0.624620817761439,-2.4103463848096807,4.997011191096114
171,1.1066915623868137e-12,171,22914,1,0.6262191173273979,-2.4153911799529064,4.996974961538591
172,1.0687657083047549e-12,172,23048,1,0.627824989818093,-2.420424212300973,4.996938268254104
173,1.0323477766202789e-12,173,23182,1,0.6294384273192599,-2.4254455560326136,4.996901105165156
174,1e-12,174,23316,1,0.6310594224058785,-2.430455283677607,4.996863466111118
175,1e-12,175,23450,1,0.6327235130076367,-2.4352937518806823,4.996824917708457
176,1e-12,176,23584,1,0.634822734044532,-2.4382016321074236,4.996780660345889
177,1e-12,177,23718,1,0.6369279866634785,-2.4411088908067056,4.996735771769522
178,1e-12,178,23852,1,0.6390392821537869,-2.4440155056659836,4.996690242739234
179,1e-12,179,23986,1,0.6411566317847877,-2.446921454348865,4.996644063875788
180,1e-12,180,24120,1,0.6432800468054949,-2.4498267144954458,4.996597225658669
181,1e-12,181,24254,1,0.6454095384442509,-2.4527312637226824,4.996549718423894
182,1e-12,182,24388,1,0.6475451179083802,-2.455635079624743,4.996501532361792
183,1e-12,183,24522,1,0.6496867963838349,-2.4585381397733514,4.996452657514739
184,1e-12,184,24656,1,0.6518345850348446,-2.461440421718158,4.996403083774863
185,1e-12,185,24790,1,0.6539884950035566,-2.4643419029870834,4.996352800881713
186,1e-12,186,24924,1,0.6561485374096847,-2.467242561086674,4.996301798419886
187,1e-12,187,25058,1,0.6583147233501467,-2.4701423735024632,4.99625006581662
188,1e-12,188,25192,1,0.6604870638987026,-2.4730413176993284,4.996197592339343
189,1e-12,189,25326,1,0.6626655701055961,-2.4759393711218336,4.996144367093201
190,1e-12,190,25460,1,0.6648502529971891,-2.4788365111945927,4.996090379018515
191,1e-12,191,25594,1,0.6670411235755949,-2.481732715322633,4.996035616888227
192,1e-12,192,25728,1,0.6692381928183129,-2.4846279608917308,4.995980069305292
193,1e-12,193,25862,1,0.6714414716778585,-2.4875222252687883,4.995923724700022
194,1e-12,194,25996,1,0.6736509710813909,-2.490415485802161,4.995866571327409
195,1e-12,195,26130,1,0.6758667019303435,-2.493307719822046,4.995808597264375
196,1e-12,196,26264,1,0.6780886751000448,-2.496198904640806,4.995749790407011
197,1e-12,197,26398,1,0.6803169014393484,-2.4990890175533425,4.995690138467738
198,1e-12,198,26532,1,0.6825513917702508,-2.501978035837441,4.995629628972457
199,1e-12,199,26666,1,0.684792156887513,-2.504865936754129,4.995568249257621
200,1e-12,200,26800,1,0.6870392075582799,-2.507752697548026,4.995505986467284
201,1e-12,201,26934,1,0.6892925545216966,-2.5106382954476953,4.995442827550092
202,1e-12,202,27068,1,0.691552208488525,-2.5135227076660054,4.995378759256225
203,1e-12,203,27202,1,0.6938181801407555,-2.516405911400471,4.995313768134295
204,1e-12,204,27336,1,0.69609048013122,-2.5192878838336066,4.995247840528193
205,1e-12,205,27470,1,0.6983691190832042,-2.5221686021332905,4.995180962573878
206,1e-12,206,27604,1,0.7006541075900512,-2.5250480434530984,4.995113120196126
207,1e-12,207,27738,1,0.7029454562147737,-2.5279261849326655,4.995044299105221
208,1e-12,208,27872,1,0.7052431754896571,-2.5308030036980305,4.994974484793591
209,1e-12,209,28006,1,0.7075472759158599,-2.533678476861987,4.994903662532392
210,1e-12,210,28140,1,0.7098577679630211,-2.5365525815244294,4.9948318173680395
211,1e-12,211,28274,1,0.7121746620688563,-2.539425294772709,4.99475893411868
212,1e-12,212,28408,1,0.7144979686387591,-2.542296593681972,4.994684997370609
213,1e-12,213,28542,1,0.7168276980453943,-2.545166455315514,4.994609991474626
214,1e-12,214,28676,1,0.7191638606282971,-2.5480348567251143,4.994533900542342
215,1e-12,215,28810,1,0.7215064666934641,-2.550901774951399,4.994456708442414
216,1e-12,216,28944,1,0.7238555265129445,-2.553767187024168,4.994378398796727
217,1e-12,217,29078,1,0.7262110503244337,-2.556631069962747,4.994298954976519
218,1e-12,218,29212,1,0.7285730483308583,-2.559493400776338,4.994218360098425
219,1e-12,219,29346,1,0.7309415306999663,-2.562354156464343,4.99413659702048
220,1e-12,220,29480,1,0.7333165075639076,-2.5652133140167197,4.9940536483380455
221,1e-12,221,29614,1,0.7356979890188242,-2.568070850414321,4.99396949637967
222,1e-12,222,29748,1,0.7380859851244286,-2.570926742629223,4.99388412320288
223,1e-12,223,29882,1,0.7404805059035822,-2.57378096762508,4.993797510589923
224,1e-12,224,30016,1,0.7428814001601474,-2.576634067285009,4.993709636427864
225,1e-12,225,30150,1,0.7452884331971781,-2.579486869029193,4.993620476260482
226,1e-12,226,30284,1,0.7477016088474282,-2.582339359352649,4.993530010560278
227,1e-12,227,30418,1,0.7501209338764743,-2.5851915157782455,4.9934382195516775
228,1e-12,228,30552,1,0.7525465024772453,-2.588043168088309,4.993345084109494
229,1e-12,229,30686,1,0.7549782344527747,-2.5908940757864496,4.993250584902903
230,1e-12,230,30820,1,0.7574161159743598,-2.5937442031596896,4.993154701330757
231,1e-12,231,30954,1,0.7598601914917387,-2.5965935441180292,4.993057412187624
232,1e-12,232,31088,1,0.7623107394476736,-2.5994421905377045,4.992958694419009
233,1e-12,233,31222,1,0.7647678208127995,-2.6022901409859904,4.99285852597658
234,1e-12,234,31356,1,0.7672314388127215,-2.6051373521091516,4.992756884870668
235,1e-12,235,31490,1,0.7697016001671844,-2.6079837940812967,4.992653748720397
236,1e-12,236,31624,1,0.77217831354614,-2.610829444630982,4.992549094766309
237,1e-12,237,31758,1,0.7746615875716318,-2.6136742814648017,4.992442899890483
238,1e-12,238,31892,1,0.777151430817332,-2.616518282267725,4.992335140610701
239,1e-12,239,32026,1,0.7796478518080812,-2.6193614247034267,4.992225793074535
240,1e-12,240,32160,1,0.7821508590194302,-2.622203686414644,4.992114833053321
241,1e-12,241,32294,1,0.7846604608771739,-2.6250450450235077,4.992002235936036
242,1e-12,242,32428,1,0.7871766657568882,-2.627885478131877,4.991887976723076
243,1e-12,243,32562,1,0.7896994819834677,-2.630724963321695,4.991772030019929
244,1e-12,244,32696,1,0.7922289178306512,-2.6335634781553163,4.9916543700307425
245,1e-12,245,32830,1,0.7947649815205624,-2.6364010001758516,4.991534970551781
246,1e-12,246,32964,1,0.7973076812232356,-2.6392375069075067,4.99141380496478
247,1e-12,247,33098,1,0.7998570221637142,-2.642072948132113,4.991290846471927
248,1e-12,248,33232,1,0.8024129018026236,-2.6449062445244054,4.991166076971566
249,1e-12,249,33366,1,0.8049752707586082,-2.647736836095847,4.991039473828628
250,1e-12,250,33500,1,0.8075441358329236,-2.6505647034999544,4.990911009340937
251,1e-12,251,33634,1,0.810119503768806,-2.653389827405128,4.9907806553761445
252,1e-12,252,33768,1,0.8127013812510084,-2.6562121884948526,4.990648383364887
253,1e-12,253,33902,1,0.815289774905332,-2.6590317674679085,4.9905141642938275
254,1e-12,254,34036,1,0.8178846912981539,-2.661848545038579,4.990377968698596
255,1e-12,255,34170,1,0.8204861369359628,-2.664662501936837,4.990239766656603
256,1e-12,256,34304,1,0.8230941182648808,-2.6674736189085575,4.990099527779746
257,1e-12,257,34438,1,0.8257086416701964,-2.670281876715708,4.989957221206993
258,1e-12,258,34572,1,0.8283297134758913,-2.6730872561365513,4.989812815596851
259,1e-12,259,34706,1,0.8309573399441637,-2.675889737965825,4.9896662791197075
260,1e-12,260,34840,1,0.8335915272749574,-2.6786893030149463,4.989517579450052
261,1e-12,261,34974,1,0.8362322816054848,-2.6814859321121913,4.98936668375857
262,1e-12,262,35108,1,0.8388796090097519,-2.6842796061028866,4.98921355870411
263,1e-12,263,35242,1,0.841533515498081,-2.6870703058496006,4.989058170425521
264,1e-12,264,35376,1,0.8441940070166316,-2.6898580122323072,4.988900484533357
265,1e-12,265,35510,1,0.8468610894469266,-2.692642706148586,4.988740466101449
266,1e-12,266,35644,1,0.8495347686053691,-2.6954243685137893,4.9885780796583425
267,1e-12,267,35778,1,0.8522150502427661,-2.698202980261224,4.988413289178588
268,1e-12,268,35912,1,0.8549019400438422,-2.7009785223423197,4.988246058073906
269,1e-12,269,36046,1,0.8575954436267703,-2.703750975726809,4.988076349184194
270,1e-12,270,36180,1,0.8602955665426775,-2.706520321402886,4.987904124768399
271,1e-12,271,36314,1,0.863002314275171,-2.7092865403773834,4.987729346495237
272,1e-12,272,36448,1,0.8657156922398537,-2.712049613675939,4.987551975433769
273,1e-12,273,36582,1,0.8684357057838377,-2.7148095223431428,4.987371972043816
274,1e-12,274,36716,1,0.871162360185266,-2.7175662474427162,4.987189296166226
275,1e-12,275,36850,1,0.8738956606528245,-2.720319770057661,4.987003907012985
276,1e-12,276,36984,1,0.8766356123252583,-2.72307007129042,4.986815763157166
277,1e-12,277,37118,1,0.8793822202708861,-2.725817132263018,4.986624822522712
278,1e-12,278,37252,1,0.8821354894871147,-2.7285609341172354,4.986431042374065
279,1e-12,279,37386,1,0.8848954248999532,-2.7313014580147343,4.986234379305617
280,1e-12,280,37520,1,0.8876620313635266,-2.734038685137221,4.986034789231001
281,1e-12,281,37654,1,0.890435313659588,-2.73677259668659,4.985832227372201
282,1e-12,282,37788,1,0.8932152764970316,-2.739503173885045,4.9856266482484966
283,1e-12,283,37922,1,0.896001924511405,-2.742230397975269,4.985418005665216
284,1e-12,284,38056,1,0.8987952622644226,-2.7449542502205375,4.985206252702324
285,1e-12,285,38190,1,0.9015952942434762,-2.74767471190487,4.984991341702816
286,1e-12,286,38324,1,0.9044020248611444,-2.750391764333148,4.98477322426093
287,1e-12,287,38458,1,0.9072154584547074,-2.7531053888312553,4.9845518512101705
288,1e-12,288,38592,1,0.9100355992856555,-2.755815566746193,4.984327172611132
289,1e-12,289,38726,1,0.9128624515392016,-2.7585222794462236,4.984099137739143
290,1e-12,290,38860,1,0.9156960193237895,-2.761225508320975,4.983867695071696
291,1e-12,291,38994,1,0.9185362081099169,-2.763925026384033,4.983632794680831
292,1e-12,292,39128,1,0.9213828873750254,-2.7666205331183127,4.983394386818354
293,1e-12,293,39262,1,0.9242360589656831,-2.7693120095717774,4.983152417751578
294,1e-12,294,39396,1,0.9270957253988032,-2.7719994384029243,4.982906832886594
295,1e-12,295,39530,1,0.9299618891131103,-2.774682802294863,4.982657576772876
296,1e-12,296,39664,1,0.9328345524687063,-2.7773620839553588,4.982404593089634
297,1e-12,297,39798,1,0.935713717746639,-2.780037266116875,4.982147824631961
298,1e-12,298,39932,1,0.9385993871484775,-2.782708331536606,4.981887213296744
299,1e-12,299,40066,1,0.9414915627958755,-2.785375262996513,4.981622700068362
300,1e-12,300,40200,1,0.9443902467301446,-2.7880380433033585,4.981354225004161
301,1e-12,301,40334,1,0.9472954409118217,-2.790696655288725,4.981081727219686
302,1e-12,302,40468,1,0.9502071472202451,-2.7933510818090572,4.98080514487369
303,1e-12,303,40602,1,0.9531253674531199,-2.796001305745669,4.980524415152906
304,1e-12,304,40736,1,0.9560501033260942,-2.7986473100047706,4.980239474256568
305,1e-12,305,40870,1,0.95898135647233,-2.801289077517497,4.979950257380705
306,1e-12,306,41004,1,0.9619191284420767,-2.803926591239902,4.979656698702168
307,1e-12,307,41138,1,0.9648634207022426,-2.8065598341529823,4.979358731362423
308,1e-12,308,41272,1,0.9678142346359728,-2.8091887892626897,4.979056287451075
309,1e-12,309,41406,1,0.9707715715422205,-2.811813439599934,4.978749297989145
310,1e-12,310,41540,1,0.9737354326353223,-2.8144337682205833,4.978437692912072
311,1e-12,311,41674,1,0.9767058190445768,-2.8170497582054708,4.978121401052461
312,1e-12,312,41808,1,0.9796827318138206,-2.819661392660389,4.97780035012255
313,1e-12,313,41942,1,0.982666171901003,-2.8222686547160833,4.977474466696407
314,1e-12,314,42076,1,0.9856561386010578,-2.8248715262344994,4.977143676167388
315,1e-12,315,42210,1,0.98865262295736,-2.8274699824603227,4.976807902625467
316,1e-12,316,42344,1,0.9916556239301428,-2.830064005321155,4.976467069088203
317,1e-12,317,42478,1,0.9946651420501271,-2.83265357813659,4.976121097386301
318,1e-12,318,42612,1,0.9976811777601868,-2.8352386842511925,4.9757699081188775
319,1e-12,319,42746,1,1.0007037314149305,-2.837819307034488,4.975413420633929
320,1e-12,320,42880,1,1.0037328032802955,-2.8403954298809264,4.975051553008487
321,1e-12,321,43014,1,1.0067683935331315,-2.842967036209854,4.9746842220284755
322,1e-12,322,43148,1,1.0098105022607968,-2.8455341094654907,4.97431134316825
323,1e-12,323,43282,1,1.0128591294607425,-2.848096633116883,4.9739328305698205
324,1e-12,324,43416,1,1.015914275040116,-2.850654590657883,4.973548597021756
325,1e-12,325,43550,1,1.018975908823557,-2.853207963407112,4.973158554629926
326,1e-12,326,43684,1,1.022043645271494,-2.8557567067357565,4.972762622438777
327,1e-12,327,43818,1,1.025117363202312,-2.858300795624346,4.972360712266228
328,1e-12,328,43952,1,1.028197058098791,-2.8608402136648587,4.971952731844453
329,1e-12,329,44086,1,1.0312827253460108,-2.863374944474118,4.971538587459246
330,1e-12,330,44220,1,1.0343743602311004,-2.8659049716937592,4.9711181839273495
331,1e-12,331,44354,1,1.0374719579429725,-2.86843027899015,4.970691424573456
332,1e-12,332,44488,1,1.0405755135720807,-2.8709508500543177,4.970258211206845
333,1e-12,333,44622,1,1.0436850221101588,-2.8734666686019037,4.9698184440976885
334,1e-12,334,44756,1,1.0468004784499827,-2.8759777183730755,4.969372021952981
335,1e-12,335,44890,1,1.049921877385115,-2.878483983132456,4.968918841892122
336,1e-12,336,45024,1,1.0530492136096712,-2.880985446669046,4.968458799422131
337,1e-12,337,45158,1,1.0561824817180678,-2.883482092796148,4.967991788412489
338,1e-12,338,45292,1,1.0593216762047974,-2.8859739053512743,4.9675177010696085
339,1e-12,339,45426,1,1.0624667914641797,-2.8884608681960726,4.967036427910921
340,1e-12,340,45560,1,1.0656178217901369,-2.8909429652162166,4.966547857738584
341,1e-12,341,45694,1,1.0687747613759624,-2.893420180321342,4.966051877612803
342,1e-12,342,45828,1,1.0719376043140907,-2.895892497444923,4.9655483728247445
343,1e-12,343,45962,1,1.075106344595875,-2.898359900544193,4.965037226869068
344,1e-12,344,46096,1,1.078281284084706,-2.900820936745612,4.964518339339657
345,1e-12,345,46230,1,1.0814628224032967,-2.9032737118619463,4.963991614646233
346,1e-12,346,46364,1,1.0846509601104914,-2.9057182024067743,4.963456932731907
347,1e-12,347,46498,1,1.0878456959174934,-2.908154393115646,4.962914171586629
348,1e-12,348,46632,1,1.0910470284357863,-2.9105822687683087,4.96236320731961
349,1e-12,349,46766,1,1.0942549561767065,-2.913001814188029,4.961803914130851
350,1e-12,350,46900,1,1.097469477551024,-2.915413014240897,4.961236164282277
351,1e-12,351,47034,1,1.1006906124336715,-2.91781587203357,4.960659826403816
352,1e-12,352,47168,1,1.1039184056464213,-2.920210411749002,4.960074765090248
353,1e-12,353,47302,1,1.1071528572748657,-2.9225966198561024,4.95948084626012
354,1e-12,354,47436,1,1.1103939657377235,-2.924974481542296,4.958877933887097
355,1e-12,355,47570,1,1.1136417293512666,-2.9273439820348144,4.958265889849542
356,1e-12,356,47704,1,1.116896146328895,-2.9297051066000033,4.957644573899003
357,1e-12,357,47838,1,1.120156766240732,-2.932057985080829,4.957013871000153
358,1e-12,358,47972,1,1.1234229962890172,-2.9344027927884313,4.956373674189168
359,1e-12,359,48106,1,1.1266948269847261,-2.9367395168315187,4.95572383970383
360,1e-12,360,48240,1,1.129972251354737,-2.939068143527914,4.955064221455762
361,1e-12,361,48374,1,1.133255262342713,-2.9413886592419987,4.954394671155423
362,1e-12,362,48508,1,1.136543852809008,-2.9437010503840866,4.9537150382801975
363,1e-12,363,48642,1,1.1398380154191008,-2.946005260938383,4.953025170195503
364,1e-12,364,48776,1,1.143137732851898,-2.9482974711857306,4.952324925779781
365,1e-12,365,48910,1,1.146442991174172,-2.95057521384631,4.951614157389651
366,1e-12,366,49044,1,1.1497537828492899,-2.9528384963629883,4.950892706237161
367,1e-12,367,49178,1,1.1530701002572397,-2.955087326159807,4.9501604111633295
368,1e-12,368,49312,1,1.156391935694554,-2.957321710639896,4.94941710860439
369,1e-12,369,49446,1,1.1597192813742363,-2.9595416571834168,4.948662632557603
370,1e-12,370,49580,1,1.1630521294256957,-2.961747173145519,4.9478968145466755
371,1e-12,371,49714,1,1.1663904718946738,-2.9639382658543116,4.94711948358675
372,1e-12,372,49848,1,1.1697343007431802,-2.9661149426088422,4.94633046614898
373,1e-12,373,49982,1,1.173083607849427,-2.968277210677106,4.945529586124682
374,1e-12,374,50116,1,1.1764383850077778,-2.970425077294054,4.944716664789068
375,1e-12,375,50250,1,1.1797986239286729,-2.9725585496596225,4.943891520764549
376,1e-12,376,50384,1,1.1831643162385865,-2.974677634936779,4.943053969983614
377,1e-12,377,50518,1,1.186535453479967,-2.976782340249579,4.9422038256512835
378,1e-12,378,50652,1,1.1899120271111896,-2.978872672681245,4.941340898207125
379,1e-12,379,50786,1,1.1932940285064992,-2.9809486392722424,4.940464995286848
380,1e-12,380,50920,1,1.1966814489559738,-2.983010247018389,4.93957592168346
381,1e-12,381,51054,5,1.200074279665476,-2.9850575028689708,4.938673479307994
382,1e-12,382,51188,,1.200074279665476,-2.9850575028689708,4.938673479307994
383,1e-12,383,51322,,1.200074279665476,-2.9850575028689708,4.938673479307994
384,1e-12,384,51456,,1.200074279665476,-2.9850575028689708,4.938673479307994
385,1e-12,385,51590,,1.200074279665476,-2.9850575028689708,4.938673479307994
386,1e-12,386,51724,5,1.2171192734184797,-2.9950787434213817,4.933953595957389
387,1e-12,387,51858,,1.2171192734184797,-2.9950787434213817,4.933953595957389
388,1e-12,388,51992,,1.2171192734184797,-2.9950787434213817,4.933953595957389
389,1e-12,389,52126,,1.2171192734184797,-2.9950787434213817,4.933953595957389
390,1e-12,390,52260,,1.2171192734184797,-2.9950787434213817,4.933953595957389
391,1e-12,391,52394,5,1.234298156062198,-3.0047421989857783,4.928868052099949
392,1e-12,392,52528,,1.234298156062198,-3.0047421989857783,4.928868052099949
393,1e-12,393,52662,,1.234298156062198,-3.0047421989857783,4.928868052099949
394,1e-12,394,52796,,1.234298156062198,-3.0047421989857783,4.928868052099949
395,1e-12,395,52930,,1.234298156062198,-3.0047421989857783,4.928868052099949
396,1e-12,396,53064,5,1.2516097333845217,-3.014048674901301,4.923388598150657
397,1e-12,397,53198,,1.2516097333845217,-3.014048674901301,4.923388598150657
398,1e-12,398,53332,,1.2516097333845217,-3.014048674901301,4.923388598150657
399,1e-12,399,53466,,1.2516097333845217,-3.014048674901301,4.923388598150657
400,1e-12,400,53600,,1.2516097333845217,-3.014048674901301,4.923388598150657
401,1e-12,401,53734,5,1.2690527583383535,-3.0229989339904906,4.91748486648944
402,1e-12,402,53868,,1.2690527583383535,-3.0229989339904906,4.91748486648944
403,1e-12,403,54002,,1.2690527583383535,-3.0229989339904906,4.91748486648944
404,1e-12,404,54136,,1.2690527583383535,-3.0229989339904906,4.91748486648944
405,1e-12,405,54270,,1.2690527583383535,-3.0229989339904906,4.91748486648944
406,1e-12,406,54404,5,1.2866259310240633,-3.031593691298444,4.911124228537192
407,1e-12,407,54538,,1.2866259310240633,-3.031593691298444,4.911124228537192
408,1e-12,408,54672,,1.2866259310240633,-3.031593691298444,4.911124228537192
409,1e-12,409,54806,,1.2866259310240633,-3.031593691298444,4.911124228537192
410,1e-12,410,54940,,1.2866259310240633,-3.031593691298444,4.911124228537192
411,1e-12,411,55074,5,1.3043278987134213,-3.039833609028334,4.904271645425035
412,1e-12,412,55208,,1.3043278987134213,-3.039833609028334,4.904271645425035
413,1e-12,413,55342,,1.3043278987134213,-3.039833609028334,4.904271645425035
414,1e-12,414,55476,,1.3043278987134213,-3.039833609028334,4.904271645425035
415,1e-12,415,55610,,1.3043278987134213,-3.039833609028334,4.904271645425035
416,1e-12,416,55744,5,1.3221572559157821,-3.0477192916666414,4.8968895126371015
417,1e-12,417,55878,,1.3221572559157821,-3.0477192916666414,4.8968895126371015
418,1e-12,418,56012,,1.3221572559157821,-3.0477192916666414,4.8968895126371015
419,1e-12,419,56146,,1.3221572559157821,-3.0477192916666414,4.8968895126371015
420,1e-12,420,56280,,1.3221572559157821,-3.0477192916666414,4.8968895126371015
421,1e-12,421,56414,5,1.3401125444871596,-3.0552512812915835,4.8889374991820596
422,1e-12,422,56548,,1.3401125444871596,-3.0552512812915835,4.8889374991820596
423,1e-12,423,56682,,1.3401125444871596,-3.0552512812915835,4.8889374991820596
424,1e-12,424,56816,,1.3401125444871596,-3.0552512812915835,4.8889374991820596
425,1e-12,425,56950,,1.3401125444871596,-3.0552512812915835,4.8889374991820596
426,1e-12,426,57084,5,1.358192253782845,-3.06243005305837,4.8803723820575
427,1e-12,427,57218,,1.358192253782845,-3.06243005305837,4.8803723820575
428,1e-12,428,57352,,1.358192253782845,-3.06243005305837,4.8803723820575
429,1e-12,429,57486,,1.358192253782845,-3.06243005305837,4.8803723820575
430,1e-12,430,57620,,1.358192253782845,-3.06243005305837,4.8803723820575
431,1e-12,431,57754,5,1.37639518278606,-3.0692565633640054,4.871147867647814
432,1e-12,432,57888,,1.37639518278606,-3.0692565633640054,4.871147867647814
433,1e-12,433,58022,,1.37639518278606,-3.0692565633640054,4.871147867647814
434,1e-12,434,58156,,1.37639518278606,-3.0692565633640054,4.871147867647814
435,1e-12,435,58290,,1.37639518278606,-3.0692565633640054,4.871147867647814
436,1e-12,436,58424,5,1.3947206701400376,-3.075732564642034,4.861214411695784
437,1e-12,437,58558,,1.3947206701400376,-3.075732564642034,4.861214411695784
438,1e-12,438,58692,,1.3947206701400376,-3.075732564642034,4.861214411695784
439,1e-12,439,58826,,1.3947206701400376,-3.075732564642034,4.861214411695784
440,1e-12,440,58960,,1.3947206701400376,-3.075732564642034,4.861214411695784
441,1e-12,441,59094,5,1.413167143256451,-3.0818583874985785,4.85051908421557
442,1e-12,442,59228,,1.413167143256451,-3.0818583874985785,4.85051908421557
443,1e-12,443,59362,,1.413167143256451,-3.0818583874985785,4.85051908421557
444,1e-12,444,59496,,1.413167143256451,-3.0818583874985785,4.85051908421557
445,1e-12,445,59630,,1.413167143256451,-3.0818583874985785,4.85051908421557
446,1e-12,446,59764,5,1.4317329318586438,-3.0876342087156394,4.839005379450031
447,1e-12,447,59898,,1.4317329318586438,-3.0876342087156394,4.839005379450031
448,1e-12,448,60032,,1.4317329318586438,-3.0876342087156394,4.839005379450031
449,1e-12,449,60166,,1.4317329318586438,-3.0876342087156394,4.839005379450031
450,1e-12,450,60300,,1.4317329318586438,-3.0876342087156394,4.839005379450031
451,1e-12,451,60434,5,1.4504162809683816,-3.093060126950862,4.826613050161468
452,1e-12,452,60568,,1.4504162809683816,-3.093060126950862,4.826613050161468
453,1e-12,453,60702,,1.4504162809683816,-3.093060126950862,4.826613050161468
454,1e-12,454,60836,,1.4504162809683816,-3.093060126950862,4.826613050161468
455,1e-12,455,60970,,1.4504162809683816,-3.093060126950862,4.826613050161468
456,1e-12,456,61104,5,1.4692077788362194,-3.098137991069619,4.813278607716047
457,1e-12,457,61238,,1.4692077788362194,-3.098137991069619,4.813278607716047
458,1e-12,458,61372,,1.4692077788362194,-3.098137991069619,4.813278607716047
459,1e-12,459,61506,,1.4692077788362194,-3.098137991069619,4.813278607716047
460,1e-12,460,61640,,1.4692077788362194,-3.098137991069619,4.813278607716047
461,1e-12,461,61774,5,1.488098020748291,-3.10289277285833,4.798935268713183
462,1e-12,462,61908,,1.488098020748291,-3.10289277285833,4.798935268713183
463,1e-12,463,62042,,1.488098020748291,-3.10289277285833,4.798935268713183
464,1e-12,464,62176,,1.488098020748291,-3.10289277285833,4.798935268713183
465,1e-12,465,62310,,1.488098020748291,-3.10289277285833,4.798935268713183
466,1e-12,466,62444,5,1.5070853193389044,-3.1073440000152983,4.783513011301665
467,1e-12,467,62578,,1.5070853193389044,-3.1073440000152983,4.783513011301665
468,1e-12,468,62712,,1.5070853193389044,-3.1073440000152983,4.783513011301665
469,1e-12,469,62846,,1.5070853193389044,-3.1073440000152983,4.783513011301665
470,1e-12,470,62980,,1.5070853193389044,-3.1073440000152983,4.783513011301665
471,1e-12,471,63114,5,1.5261678184567926,-3.1114905644216964,4.766936376352438
472,1e-12,472,63248,,1.5261678184567926,-3.1114905644216964,4.766936376352438
473,1e-12,473,63382,,1.5261678184567926,-3.1114905644216964,4.766936376352438
474,1e-12,474,63516,,1.5261678184567926,-3.1114905644216964,4.766936376352438
475,1e-12,475,63650,,1.5261678184567926,-3.1114905644216964,4.766936376352438
476,1e-12,476,63784,5,1.5453431402839108,-3.115331727429063,4.749125384391255
477,1e-12,477,63918,,1.5453431402839108,-3.115331727429063,4.749125384391255
478,1e-12,478,64052,,1.5453431402839108,-3.115331727429063,4.749125384391255
479,1e-12,479,64186,,1.5453431402839108,-3.115331727429063,4.749125384391255
480,1e-12,480,64320,,1.5453431402839108,-3.115331727429063,4.749125384391255
481,1e-12,481,64454,5,1.564608863933249,-3.1188666642166387,4.72999574208608
482,1e-12,482,64588,,1.564608863933249,-3.1188666642166387,4.72999574208608
483,1e-12,483,64722,,1.564608863933249,-3.1188666642166387,4.72999574208608
484,1e-12,484,64856,,1.564608863933249,-3.1188666642166387,4.72999574208608
485,1e-12,485,64990,,1.564608863933249,-3.1188666642166387,4.72999574208608
486,1e-12,486,65124,5,1.5839625265706552,-3.1220944614361055,4.709458834132288
487,1e-12,487,65258,,1.5839625265706552,-3.1220944614361055,4.709458834132288
488,1e-12,488,65392,,1.5839625265706552,-3.1220944614361055,4.709458834132288
489,1e-12,489,65526,,1.5839625265706552,-3.1220944614361055,4.709458834132288
490,1e-12,490,65660,,1.5839625265706552,-3.1220944614361055,4.709458834132288
491,1e-12,491,65794,5,1.6034016245800966,-3.12501411491278,4.687421762946338
492,1e-12,492,65928,,1.6034016245800966,-3.12501411491278,4.687421762946338
493,1e-12,493,66062,,1.6034016245800966,-3.12501411491278,4.687421762946338
494,1e-12,494,66196,,1.6034016245800966,-3.12501411491278,4.687421762946338
495,1e-12,495,66330,,1.6034016245800966,-3.12501411491278,4.687421762946338
496,1e-12,496,66464,5,1.6229236147713162,-3.1276245274034316,4.663787445402598
497,1e-12,497,66598,,1.6229236147713162,-3.1276245274034316,4.663787445402598
498,1e-12,498,66732,,1.6229236147713162,-3.1276245274034316,4.663787445402598
499,1e-12,499,66866,,1.6229236147713162,-3.1276245274034316,4.663787445402598
500,1e-12,500,67000,,1.6229236147713162,-3.1276245274034316,4.663787445402598
501,1e-12,501,67134,5,1.6425259156287386,-3.129924506411152,4.638454776783055
502,1e-12,502,67268,,1.6425259156287386,-3.129924506411152,4.638454776783055
503,1e-12,503,67402,,1.6425259156287386,-3.129924506411152,4.638454776783055
504,1e-12,504,67536,,1.6425259156287386,-3.129924506411152,4.638454776783055
505,1e-12,505,67670,,1.6425259156287386,-3.129924506411152,4.638454776783055
506,1e-12,506,67804,5,1.66220590860042,-3.1319127620581053,4.61131887300061
507,1e-12,507,67938,,1.66220590860042,-3.1319127620581053,4.61131887300061
508,1e-12,508,68072,,1.66220590860042,-3.1319127620581053,4.61131887300061
509,1e-12,509,68206,,1.66220590860042,-3.1319127620581053,4.61131887300061
510,1e-12,510,68340,,1.66220590860042,-3.1319127620581053,4.61131887300061
511,1e-12,511,68474,5,1.6819609394257762,-3.133587905017494,4.582271402956417
512,1e-12,512,68608,,1.6819609394257762,-3.133587905017494,4.582271402956417
513,1e-12,513,68742,,1.6819609394257762,-3.133587905017494,4.582271402956417
514,1e-12,514,68876,,1.6819609394257762,-3.133587905017494,4.582271402956417
515,1e-12,515,69010,,1.6819609394257762,-3.133587905017494,4.582271402956417
516,1e-12,516,69144,5,1.7017883195007075,-3.1349484445063887,4.5512010235418145
517,1e-12,517,69278,,1.7017883195007075,-3.1349484445063887,4.5512010235418145
518,1e-12,518,69412,,1.7017883195007075,-3.1349484445063887,4.5512010235418145
519,1e-12,519,69546,,1.7017883195007075,-3.1349484445063887,4.5512010235418145
520,1e-12,520,69680,,1.7017883195007075,-3.1349484445063887,4.5512010235418145
521,1e-12,521,69814,5,1.7216853272787251,-3.135992786341694,4.517993930224021
522,1e-12,522,69948,,1.7216853272787251,-3.135992786341694,4.517993930224021
523,1e-12,523,70082,,1.7216853272787251,-3.135992786341694,4.517993930224021
524,1e-12,524,70216,,1.7216853272787251,-3.135992786341694,4.517993930224021
525,1e-12,525,70350,,1.7216853272787251,-3.135992786341694,4.517993930224021
526,1e-12,526,70484,5,1.7416492097065657,-3.1367192310619005,4.482534536277876
527,1e-12,527,70618,,1.7416492097065657,-3.1367192310619005,4.482534536277876
528,1e-12,528,70752,,1.7416492097065657,-3.1367192310619005,4.482534536277876
529,1e-12,529,70886,,1.7416492097065657,-3.1367192310619005,4.482534536277876
530,1e-12,530,71020,,1.7416492097065657,-3.1367192310619005,4.482534536277876
531,1e-12,531,71154,5,1.761677183692747,-3.1371259721178566,4.4447062934454085
532,1e-12,532,71288,,1.761677183692747,-3.1371259721178566,4.4447062934454085
533,1e-12,533,71422,,1.761677183692747,-3.1371259721178566,4.4447062934454085
534,1e-12,534,71556,,1.761677183692747,-3.1371259721178566,4.4447062934454085
535,1e-12,535,71690,,1.761677183692747,-3.1371259721178566,4.4447062934454085
536,1e-12,536,71824,5,1.7817660567620568,-3.1372095671350686,4.4043936882907015
537,1e-12,537,71958,,1.7817660567620568,-3.1372095671350686,4.4043936882907015
538,1e-12,538,72092,,1.7817660567620568,-3.1372095671350686,4.4043936882907015
539,1e-12,539,72226,,1.7817660567620568,-3.1372095671350686,4.4043936882907015
540,1e-12,540,72360,,1.7817660567620568,-3.1372095671350686,4.4043936882907015
541,1e-12,541,72494,5,1.801909567005887,-3.1369543543019223,4.361491215062909
542,1e-12,542,72628,,1.801909567005887,-3.1369543543019223,4.361491215062909
543,1e-12,543,72762,,1.801909567005887,-3.1369543543019223,4.361491215062909
544,1e-12,544,72896,,1.801909567005887,-3.1369543543019223,4.361491215062909
545,1e-12,545,73030,,1.801909567005887,-3.1369543543019223,4.361491215062909
546,1e-12,546,73164,5,1.8221075481293383,-3.1363656611686417,4.315891627924523
547,1e-12,547,73298,,1.8221075481293383,-3.1363656611686417,4.315891627924523
548,1e-12,548,73432,,1.8221075481293383,-3.1363656611686417,4.315891627924523
549,1e-12,549,73566,,1.8221075481293383,-3.1363656611686417,4.315891627924523
550,1e-12,550,73700,,1.8221075481293383,-3.1363656611686417,4.315891627924523
551,1e-12,551,73834,5,1.8423628631619438,-3.1354584334937954,4.2674909546916115
552,1e-12,552,73968,,1.8423628631619438,-3.1354584334937954,4.2674909546916115
553,1e-12,553,74102,,1.8423628631619438,-3.1354584334937954,4.2674909546916115
554,1e-12,554,74236,,1.8423628631619438,-3.1354584334937954,4.2674909546916115
555,1e-12,555,74370,,1.8423628631619438,-3.1354584334937954,4.2674909546916115
556,1e-12,556,74504,5,1.8626726803972096,-3.1342303953090735,4.216188936746471
557,1e-12,557,74638,,1.8626726803972096,-3.1342303953090735,4.216188936746471
558,1e-12,558,74772,,1.8626726803972096,-3.1342303953090735,4.216188936746471
559,1e-12,559,74906,,1.8626726803972096,-3.1342303953090735,4.216188936746471
560,1e-12,560,75040,,1.8626726803972096,-3.1342303953090735,4.216188936746471
561,1e-12,561,75174,5,1.8830340616554873,-3.132678914582999,4.161892840609844
562,1e-12,562,75308,,1.8830340616554873,-3.132678914582999,4.161892840609844
563,1e-12,563,75442,,1.8830340616554873,-3.132678914582999,4.161892840609844
564,1e-12,564,75576,,1.8830340616554873,-3.132678914582999,4.161892840609844
565,1e-12,565,75710,,1.8830340616554873,-3.132678914582999,4.161892840609844
566,1e-12,566,75844,5,1.9034440459952693,-3.130801248302757,4.104519447561076
567,1e-12,567,75978,,1.9034440459952693,-3.130801248302757,4.104519447561076
568,1e-12,568,76112,,1.9034440459952693,-3.130801248302757,4.104519447561076
569,1e-12,569,76246,,1.9034440459952693,-3.130801248302757,4.104519447561076
570,1e-12,570,76380,,1.9034440459952693,-3.130801248302757,4.104519447561076
571,1e-12,571,76514,5,1.9238996514056277,-3.1285945412623373,4.043997149147105
572,1e-12,572,76648,,1.9238996514056277,-3.1285945412623373,4.043997149147105
573,1e-12,573,76782,,1.9238996514056277,-3.1285945412623373,4.043997149147105
574,1e-12,574,76916,,1.9238996514056277,-3.1285945412623373,4.043997149147105
575,1e-12,575,77050,,1.9238996514056277,-3.1285945412623373,4.043997149147105
576,1e-12,576,77184,5,1.9443978765203451,-3.126055824968316,3.9802681540477023
577,1e-12,577,77318,,1.9443978765203451,-3.126055824968316,3.9802681540477023
578,1e-12,578,77452,,1.9443978765203451,-3.126055824968316,3.9802681540477023
579,1e-12,579,77586,,1.9443978765203451,-3.126055824968316,3.9802681540477023
580,1e-12,580,77720,,1.9443978765203451,-3.126055824968316,3.9802681540477023
581,1e-12,581,77854,5,1.9649642906137639,-3.123282215854526,3.9133592212388693
582,1e-12,582,77988,,1.9649642906137639,-3.123282215854526,3.9133592212388693
583,1e-12,583,78122,,1.9649642906137639,-3.123282215854526,3.9133592212388693
584,1e-12,584,78256,,1.9649642906137639,-3.123282215854526,3.9133592212388693
585,1e-12,585,78390,,1.9649642906137639,-3.123282215854526,3.9133592212388693
586,1e-12,586,78524,5,1.985644100508619,-3.1204382005566,3.843375953444845
587,1e-12,587,78658,,1.985644100508619,-3.1204382005566,3.843375953444845
588,1e-12,588,78792,,1.985644100508619,-3.1204382005566,3.843375953444845
589,1e-12,589,78926,,1.985644100508619,-3.1204382005566,3.843375953444845
590,1e-12,590,79060,,1.985644100508619,-3.1204382005566,3.843375953444845
591,1e-12,591,79194,5,2.0064364238720196,-3.117526084467671,3.770344117542294
592,1e-12,592,79328,,2.0064364238720196,-3.117526084467671,3.770344117542294
593,1e-12,593,79462,,2.0064364238720196,-3.117526084467671,3.770344117542294
594,1e-12,594,79596,,2.0064364238720196,-3.117526084467671,3.770344117542294
595,1e-12,595,79730,,2.0064364238720196,-3.117526084467671,3.770344117542294
596,1e-12,596,79864,5,2.027336327269654,-3.1145459381856573,3.694308322982642
597,1e-12,597,79998,,2.027336327269654,-3.1145459381856573,3.694308322982642
598,1e-12,598,80132,,2.027336327269654,-3.1145459381856573,3.694308322982642
599,1e-12,599,80266,,2.027336327269654,-3.1145459381856573,3.694308322982642
600,1e-12,600,80400,,2.027336327269654,-3.1145459381856573,3.694308322982642
601,1e-12,601,80534,5,2.048340298690486,-3.111497839944893,3.615337498333251
602,1e-12,602,80668,,2.048340298690486,-3.111497839944893,3.615337498333251
603,1e-12,603,80802,,2.048340298690486,-3.111497839944893,3.615337498333251
604,1e-12,604,80936,,2.048340298690486,-3.111497839944893,3.615337498333251
605,1e-12,605,81070,,2.048340298690486,-3.111497839944893,3.615337498333251
606,1e-12,606,81204,5,2.0694465677019283,-3.1083817533504874,3.5335263002046435
607,1e-12,607,81338,,2.0694465677019283,-3.1083817533504874,3.5335263002046435
608,1e-12,608,81472,,2.0694465677019283,-3.1083817533504874,3.5335263002046435
609,1e-12,609,81606,,2.0694465677019283,-3.1083817533504874,3.5335263002046435
610,1e-12,610,81740,,2.0694465677019283,-3.1083817533504874,3.5335263002046435
611,1e-12,611,81874,5,2.090653310188535,-3.105197627039479,3.448994898265574
612,1e-12,612,82008,,2.090653310188535,-3.105197627039479,3.448994898265574
613,1e-12,613,82142,,2.090653310188535,-3.105197627039479,3.448994898265574
614,1e-12,614,82276,,2.090653310188535,-3.105197627039479,3.448994898265574
615,1e-12,615,82410,,2.090653310188535,-3.105197627039479,3.448994898265574
616,1e-12,616,82544,5,2.111958648228654,-3.1019453948294924,3.3618893041974496
617,1e-12,617,82678,,2.111958648228654,-3.1019453948294924,3.3618893041974496
618,1e-12,618,82812,,2.111958648228654,-3.1019453948294924,3.3618893041974496
619,1e-12,619,82946,,2.111958648228654,-3.1019453948294924,3.3618893041974496
620,1e-12,620,83080,,2.111958648228654,-3.1019453948294924,3.3618893041974496
621,1e-12,621,83214,5,2.1333606500083393,-3.0986249758635145,3.2723812486208566
622,1e-12,622,83348,,2.1333606500083393,-3.0986249758635145,3.2723812486208566
623,1e-12,623,83482,,2.1333606500083393,-3.0986249758635145,3.2723812486208566
624,1e-12,624,83616,,2.1333606500083393,-3.0986249758635145,3.2723812486208566
625,1e-12,625,83750,,2.1333606500083393,-3.0986249758635145,3.2723812486208566
626,1e-12,626,83884,5,2.154857329773692,-3.0952362747510085,3.1806675686045973
627,1e-12,627,84018,,2.154857329773692,-3.0952362747510085,3.1806675686045973
628,1e-12,628,84152,,2.154857329773692,-3.0952362747510085,3.1806675686045973
629,1e-12,629,84286,,2.154857329773692,-3.0952362747510085,3.1806675686045973
630,1e-12,630,84420,,2.154857329773692,-3.0952362747510085,3.1806675686045973
631,1e-12,631,84554,5,2.1764466478227056,-3.0917791817054723,3.086969081927821
632,1e-12,632,84688,,2.1764466478227056,-3.0917791817054723,3.086969081927821
633,1e-12,633,84822,,2.1764466478227056,-3.0917791817054723,3.086969081927821
634,1e-12,634,84956,,2.1764466478227056,-3.0917791817054723,3.086969081927821
635,1e-12,635,85090,,2.1764466478227056,-3.0917791817054723,3.086969081927821
636,1e-12,636,85224,5,2.1981265105377377,-3.088253572678667,2.9915289403436582
637,1e-12,637,85358,,2.1981265105377377,-3.088253572678667,2.9915289403436582
638,1e-12,638,85492,,2.1981265105377377,-3.088253572678667,2.9915289403436582
639,1e-12,639,85626,,2.1981265105377377,-3.088253572678667,2.9915289403436582
640,1e-12,640,85760,,2.1981265105377377,-3.088253572678667,2.9915289403436582
641,1e-12,641,85894,5,2.2198947704596486,-3.084659309491661,2.894610472048114
642,1e-12,642,86028,,2.2198947704596486,-3.084659309491661,2.894610472048114
643,1e-12,643,86162,,2.2198947704596486,-3.084659309491661,2.894610472048114
644,1e-12,644,86296,,2.2198947704596486,-3.084659309491661,2.894610472048114
645,1e-12,645,86430,,2.2198947704596486,-3.084659309491661,2.894610472048114
646,1e-12,646,86564,5,2.2417484292380525,-3.080994927911935,2.7964959895616035
647,1e-12,647,86698,,2.2417484292380525,-3.080994927911935,2.7964959895616035
648,1e-12,648,86832,,2.2417484292380525,-3.080994927911935,2.7964959895616035
649,1e-12,649,86966,,2.2417484292380525,-3.080994927911935,2.7964959895616035
650,1e-12,650,87100,,2.2417484292380525,-3.080994927911935,2.7964959895616035
651,1e-12,651,87234,5,2.263682857584768,-3.0772563463080758,2.697485246523112
652,1e-12,652,87368,,2.263682857584768,-3.0772563463080758,2.697485246523112
653,1e-12,653,87502,,2.263682857584768,-3.0772563463080758,2.697485246523112
654,1e-12,654,87636,,2.263682857584768,-3.0772563463080758,2.697485246523112
655,1e-12,655,87770,,2.263682857584768,-3.0772563463080758,2.697485246523112
656,1e-12,656,87904,5,2.2856958873007405,-3.0734436275340276,2.597884598774199
657,1e-12,657,88038,,2.2856958873007405,-3.0734436275340276,2.597884598774199
658,1e-12,658,88172,,2.2856958873007405,-3.0734436275340276,2.597884598774199
659,1e-12,659,88306,,2.2856958873007405,-3.0734436275340276,2.597884598774199
660,1e-12,660,88440,,2.2856958873007405,-3.0734436275340276,2.597884598774199
661,1e-12,661,88574,5,2.3077852266387664,-3.0695566399757817,2.4980075674288873
662,1e-12,662,88708,,2.3077852266387664,-3.0695566399757817,2.4980075674288873
663,1e-12,663,88842,,2.3077852266387664,-3.0695566399757817,2.4980075674288873
664,1e-12,664,88976,,2.3077852266387664,-3.0695566399757817,2.4980075674288873
665,1e-12,665,89110,,2.3077852266387664,-3.0695566399757817,2.4980075674288873
666,1e-12,666,89244,5,2.329948507077628,-3.065595186695367,2.3981709787371965
667,1e-12,667,89378,,2.329948507077628,-3.065595186695367,2.3981709787371965
668,1e-12,668,89512,,2.329948507077628,-3.065595186695367,2.3981709787371965
669,1e-12,669,89646,,2.329948507077628,-3.065595186695367,2.3981709787371965
670,1e-12,670,89780,,2.329948507077628,-3.065595186695367,2.3981709787371965
671,1e-12,671,89914,5,2.352183311310953,-3.0615590574885467,2.2986909321079705
672,1e-12,672,90048,,2.352183311310953,-3.0615590574885467,2.2986909321079705
673,1e-12,673,90182,,2.352183311310953,-3.0615590574885467,2.2986909321079705
674,1e-12,674,90316,,2.352183311310953,-3.0615590574885467,2.2986909321079705
675,1e-12,675,90450,,2.352183311310953,-3.0615590574885467,2.2986909321079705
676,1e-12,676,90584,5,2.3744871736130038,-3.0574480289996413,2.1998788233757622
677,1e-12,677,90718,,2.3744871736130038,-3.0574480289996413,2.1998788233757622
678,1e-12,678,90852,,2.3744871736130038,-3.0574480289996413,2.1998788233757622
679,1e-12,679,90986,,2.3744871736130038,-3.0574480289996413,2.1998788233757622
680,1e-12,680,91120,,2.3744871736130038,-3.0574480289996413,2.1998788233757622
681,1e-12,681,91254,5,2.396857580247397,-3.0532618648348455,2.1020374962203645
682,1e-12,682,91388,,2.396857580247397,-3.0532618648348455,2.1020374962203645
683,1e-12,683,91522,,2.396857580247397,-3.0532618648348455,2.1020374962203645
684,1e-12,684,91656,,2.396857580247397,-3.0532618648348455,2.1020374962203645
685,1e-12,685,91790,,2.396857580247397,-3.0532618648348455,2.1020374962203645
686,1e-12,686,91924,5,2.4192919699194273,-3.049000315674252,2.0054576215249265
687,1e-12,687,92058,,2.4192919699194273,-3.049000315674252,2.0054576215249265
688,1e-12,688,92192,,2.4192919699194273,-3.049000315674252,2.0054576215249265
689,1e-12,689,92326,,2.4192919699194273,-3.049000315674252,2.0054576215249265
690,1e-12,690,92460,,2.4192919699194273,-3.049000315674252,2.0054576215249265
691,1e-12,691,92594,5,2.4417877342725895,-3.044663119382732,1.9104143941858023
692,1e-12,692,92728,,2.4417877342725895,-3.044663119382732,1.9104143941858023
693,1e-12,693,92862,,2.4417877342725895,-3.044663119382732,1.9104143941858023
694,1e-12,694,92996,,2.4417877342725895,-3.044663119382732,1.9104143941858023
695,1e-12,695,93130,,2.4417877342725895,-3.044663119382732,1.9104143941858023
696,1e-12,696,93264,5,2.464345837072127,-3.040256828923578,1.817171414901342
697,1e-12,697,93398,,2.464345837072127,-3.040256828923578,1.817171414901342
698,1e-12,698,93532,,2.464345837072127,-3.040256828923578,1.817171414901342
699,1e-12,699,93666,,2.464345837072127,-3.040256828923578,1.817171414901342
700,1e-12,700,93800,,2.464345837072127,-3.040256828923578,1.817171414901342
701,1e-12,701,93934,5,2.4869696025209027,-3.0357925237404952,1.7259789330594977
702,1e-12,702,94068,,2.4869696025209027,-3.0357925237404952,1.7259789330594977
703,1e-12,703,94202,,2.4869696025209027,-3.0357925237404952,1.7259789330594977
704,1e-12,704,94336,,2.4869696025209027,-3.0357925237404952,1.7259789330594977
705,1e-12,705,94470,,2.4869696025209027,-3.0357925237404952,1.7259789330594977
706,1e-12,706,94604,5,2.5096478224472234,-3.0312536822330727,1.637080234849253
707,1e-12,707,94738,,2.5096478224472234,-3.0312536822330727,1.637080234849253
708,1e-12,708,94872,,2.5096478224472234,-3.0312536822330727,1.637080234849253
709,1e-12,709,95006,,2.5096478224472234,-3.0312536822330727,1.637080234849253
710,1e-12,710,95140,,2.5096478224472234,-3.0312536822330727,1.637080234849253
711,1e-12,711,95274,5,2.5323750849609548,-3.026634967401607,1.5506690018585416
712,1e-12,712,95408,,2.5323750849609548,-3.026634967401607,1.5506690018585416
713,1e-12,713,95542,,2.5323750849609548,-3.026634967401607,1.5506690018585416
714,1e-12,714,95676,,2.5323750849609548,-3.026634967401607,1.5506690018585416
715,1e-12,715,95810,,2.5323750849609548,-3.026634967401607,1.5506690018585416
716,1e-12,716,95944,5,2.55514859490247,-3.021936133599882,1.4669028994642446
717,1e-12,717,96078,,2.55514859490247,-3.021936133599882,1.4669028994642446
718,1e-12,718,96212,,2.55514859490247,-3.021936133599882,1.4669028994642446
719,1e-12,719,96346,,2.55514859490247,-3.021936133599882,1.4669028994642446
720,1e-12,720,96480,,2.55514859490247,-3.021936133599882,1.4669028994642446
721,1e-12,721,96614,5,2.5779655154179975,-3.0171569234224287,1.385913511893673
722,1e-12,722,96748,,2.5779655154179975,-3.0171569234224287,1.385913511893673
723,1e-12,723,96882,,2.5779655154179975,-3.0171569234224287,1.385913511893673
724,1e-12,724,97016,,2.5779655154179975,-3.0171569234224287,1.385913511893673
725,1e-12,725,97150,,2.5779655154179975,-3.0171569234224287,1.385913511893673
726,1e-12,726,97284,5,2.6008229687168436,-3.012297067821118,1.3078065615537935
727,1e-12,727,97418,,2.6008229687168436,-3.012297067821118,1.3078065615537935
728,1e-12,728,97552,,2.6008229687168436,-3.012297067821118,1.3078065615537935
729,1e-12,729,97686,,2.6008229687168436,-3.012297067821118,1.3078065615537935
730,1e-12,730,97820,,2.6008229687168436,-3.012297067821118,1.3078065615537935
731,1e-12,731,97954,5,2.6237180368732607,-3.0073562862218894,1.2326625504452424
732,1e-12,732,98088,,2.6237180368732607,-3.0073562862218894,1.2326625504452424
733,1e-12,733,98222,,2.6237180368732607,-3.0073562862218894,1.2326625504452424
734,1e-12,734,98356,,2.6237180368732607,-3.0073562862218894,1.2326625504452424
735,1e-12,735,98490,,2.6237180368732607,-3.0073562862218894,1.2326625504452424
736,1e-12,736,98624,5,2.6466477688181995,-3.0023342960582293,1.1605377717336678
737,1e-12,737,98758,,2.6466477688181995,-3.0023342960582293,1.1605377717336678
738,1e-12,738,98892,,2.6466477688181995,-3.0023342960582293,1.1605377717336678
739,1e-12,739,99026,,2.6466477688181995,-3.0023342960582293,1.1605377717336678
740,1e-12,740,99160,,2.6466477688181995,-3.0023342960582293,1.1605377717336678
741,1e-12,741,99294,5,2.66961355705915,-2.997237531843755,1.0914682422385515
742,1e-12,742,99428,,2.66961355705915,-2.997237531843755,1.0914682422385515
743,1e-12,743,99562,,2.66961355705915,-2.997237531843755,1.0914682422385515
744,1e-12,744,99696,,2.66961355705915,-2.997237531843755,1.0914682422385515
745,1e-12,745,99830,,2.66961355705915,-2.997237531843755,1.0914682422385515
746,1e-12,746,99964,5,2.6926161140594145,-2.9920714872614336,1.0254678121597383
747,1e-12,747,100098,,2.6926161140594145,-2.9920714872614336,1.0254678121597383
748,1e-12,748,100232,,2.6926161140594145,-2.9920714872614336,1.0254678121597383
749,1e-12,749,100366,,2.6926161140594145,-2.9920714872614336,1.0254678121597383
750,1e-12,750,100500,,2.6926161140594145,-2.9920714872614336,1.0254678121597383
751,1e-12,751,100634,5,2.715652323644552,-2.986835857733742,0.9625282676379463
752,1e-12,752,100768,,2.715652323644552,-2.986835857733742,0.9625282676379463
753,1e-12,753,100902,,2.715652323644552,-2.986835857733742,0.9625282676379463
754,1e-12,754,101036,,2.715652323644552,-2.986835857733742,0.9625282676379463
755,1e-12,755,101170,,2.715652323644552,-2.986835857733742,0.9625282676379463
756,1e-12,756,101304,5,2.7387190258255223,-2.9815303279932146,0.9026236627497823
757,1e-12,757,101438,,2.7387190258255223,-2.9815303279932146,0.9026236627497823
758,1e-12,758,101572,,2.7387190258255223,-2.9815303279932146,0.9026236627497823
759,1e-12,759,101706,,2.7387190258255223,-2.9815303279932146,0.9026236627497823
760,1e-12,760,101840,,2.7387190258255223,-2.9815303279932146,0.9026236627497823
761,1e-12,761,101974,5,2.7618130178597156,-2.97615457216084,0.8457122556654253
762,1e-12,762,102108,,2.7618130178597156,-2.97615457216084,0.8457122556654253
763,1e-12,763,102242,,2.7618130178597156,-2.97615457216084,0.8457122556654253
764,1e-12,764,102376,,2.7618130178597156,-2.97615457216084,0.8457122556654253
765,1e-12,765,102510,,2.7618130178597156,-2.97615457216084,0.8457122556654253
766,1e-12,766,102644,5,2.7849310553687245,-2.970708253824946,0.7917384611087974
767,1e-12,767,102778,,2.7849310553687245,-2.970708253824946,0.7917384611087974
768,1e-12,768,102912,,2.7849310553687245,-2.970708253824946,0.7917384611087974
769,1e-12,769,103046,,2.7849310553687245,-2.970708253824946,0.7917384611087974
770,1e-12,770,103180,,2.7849310553687245,-2.970708253824946,0.7917384611087974
771,1e-12,771,103314,5,2.8080698535129116,-2.9651910261207277,0.7406347771175725
772,1e-12,772,103448,,2.8080698535129116,-2.9651910261207277,0.7406347771175725
773,1e-12,773,103582,,2.8080698535129116,-2.9651910261207277,0.7406347771175725
774,1e-12,774,103716,,2.8080698535129116,-2.9651910261207277,0.7406347771175725
775,1e-12,775,103850,,2.8080698535129116,-2.9651910261207277,0.7406347771175725
776,1e-12,776,103984,5,2.8312260882226665,-2.9596025318106096,0.6923236511290001
777,1e-12,777,104118,,2.8312260882226665,-2.9596025318106096,0.6923236511290001
778,1e-12,778,104252,,2.8312260882226665,-2.9596025318106096,0.6923236511290001
779,1e-12,779,104386,,2.8312260882226665,-2.9596025318106096,0.6923236511290001
780,1e-12,780,104520,,2.8312260882226665,-2.9596025318106096,0.6923236511290001
781,1e-12,781,104654,5,2.8543963974862305,-2.9539424033656494,0.6467192574194958
782,1e-12,782,104788,,2.8543963974862305,-2.9539424033656494,0.6467192574194958
783,1e-12,783,104922,,2.8543963974862305,-2.9539424033656494,0.6467192574194958
784,1e-12,784,105056,,2.8543963974862305,-2.9539424033656494,0.6467192574194958
785,1e-12,785,105190,,2.8543963974862305,-2.9539424033656494,0.6467192574194958
786,1e-12,786,105324,5,2.877577382693777,-2.9482102630481615,0.6037291646205298
787,1e-12,787,105458,,2.877577382693777,-2.9482102630481615,0.6037291646205298
788,1e-12,788,105592,,2.877577382693777,-2.9482102630481615,0.6037291646205298
789,1e-12,789,105726,,2.877577382693777,-2.9482102630481615,0.6037291646205298
790,1e-12,790,105860,,2.877577382693777,-2.9482102630481615,0.6037291646205298
791,1e-12,791,105994,5,2.900738804324263,-2.942428325944408,0.5632635517901521
792,1e-12,792,106128,,2.900738804324263,-2.942428325944408,0.5632635517901521
793,1e-12,793,106262,,2.900738804324263,-2.942428325944408,0.5632635517901521
794,1e-12,794,106396,,2.900738804324263,-2.942428325944408,0.5632635517901521
795,1e-12,795,106530,,2.900738804324263,-2.942428325944408,0.5632635517901521
796,1e-12,796,106664,5,2.9238273339463796,-2.936638676198751,0.52523343216366
797,1e-12,797,106798,,2.9238273339463796,-2.936638676198751,0.52523343216366
798,1e-12,798,106932,,2.9238273339463796,-2.936638676198751,0.52523343216366
799,1e-12,799,107066,,2.9238273339463796,-2.936638676198751,0.52523343216366
800,1e-12,800,107200,,2.9238273339463796,-2.936638676198751,0.52523343216366
801,1e-12,801,107334,5,2.9468383374663523,-2.9308426950008957,0.48953204430989894
802,1e-12,802,107468,,2.9468383374663523,-2.9308426950008957,0.48953204430989894
803,1e-12,803,107602,,2.9468383374663523,-2.9308426950008957,0.48953204430989894
804,1e-12,804,107736,,2.9468383374663523,-2.9308426950008957,0.48953204430989894
805,1e-12,805,107870,,2.9468383374663523,-2.9308426950008957,0.48953204430989894
806,1e-12,806,108004,5,2.9697683486246307,-2.9250408228634326,0.4560513317478425
807,1e-12,807,108138,,2.9697683486246307,-2.9250408228634326,0.4560513317478425
808,1e-12,808,108272,,2.9697683486246307,-2.9250408228634326,0.4560513317478425
809,1e-12,809,108406,,2.9697683486246307,-2.9250408228634326,0.4560513317478425
810,1e-12,810,108540,,2.9697683486246307,-2.9250408228634326,0.4560513317478425
811,1e-12,811,108674,5,2.9926139533370195,-2.9192334983448367,0.42468327729372524
812,1e-12,812,108808,,2.9926139533370195,-2.9192334983448367,0.42468327729372524
813,1e-12,813,108942,,2.9926139533370195,-2.9192334983448367,0.42468327729372524
814,1e-12,814,109076,,2.9926139533370195,-2.9192334983448367,0.42468327729372524
815,1e-12,815,109210,,2.9926139533370195,-2.9192334983448367,0.42468327729372524
816,1e-12,816,109344,5,3.015371791462387,-2.913421158069193,0.39532075946976564
817,1e-12,817,109478,,3.015371791462387,-2.913421158069193,0.39532075946976564
818,1e-12,818,109612,,3.015371791462387,-2.913421158069193,0.39532075946976564
819,1e-12,819,109746,,3.015371791462387,-2.913421158069193,0.39532075946976564
820,1e-12,820,109880,,3.015371791462387,-2.913421158069193,0.39532075946976564
821,1e-12,821,110014,5,3.038038599073002,-2.907604232500473,0.3678582638707275
822,1e-12,822,110148,,3.038038599073002,-2.907604232500473,0.3678582638707275
823,1e-12,823,110282,,3.038038599073002,-2.907604232500473,0.3678582638707275
824,1e-12,824,110416,,3.038038599073002,-2.907604232500473,0.3678582638707275
825,1e-12,825,110550,,3.038038599073002,-2.907604232500473,0.3678582638707275
826,1e-12,826,110684,5,3.0606119038138586,-2.901783068384561,0.34219226390312185
827,1e-12,827,110818,,3.0606119038138586,-2.901783068384561,0.34219226390312185
828,1e-12,828,110952,,3.0606119038138586,-2.901783068384561,0.34219226390312185
829,1e-12,829,111086,,3.0606119038138586,-2.901783068384561,0.34219226390312185
830,1e-12,830,111220,,3.0606119038138586,-2.901783068384561,0.34219226390312185
831,1e-12,831,111354,5,3.083088793834629,-2.895958050835168,0.3182221686076452
832,1e-12,832,111488,,3.083088793834629,-2.895958050835168,0.3182221686076452
833,1e-12,833,111622,,3.083088793834629,-2.895958050835168,0.3182221686076452
834,1e-12,834,111756,,3.083088793834629,-2.895958050835168,0.3182221686076452
835,1e-12,835,111890,,3.083088793834629,-2.895958050835168,0.3182221686076452
836,1e-12,836,112024,5,3.10546567736698,-2.890132828911027,0.2958513264736111
837,1e-12,837,112158,,3.10546567736698,-2.890132828911027,0.2958513264736111
838,1e-12,838,112292,,3.10546567736698,-2.890132828911027,0.2958513264736111
839,1e-12,839,112426,,3.10546567736698,-2.890132828911027,0.2958513264736111
840,1e-12,840,112560,,3.10546567736698,-2.890132828911027,0.2958513264736111
841,1e-12,841,112694,5,3.1277378091206423,-2.8843203547295486,0.2749882107842265
842,1e-12,842,112828,,3.1277378091206423,-2.8843203547295486,0.2749882107842265
843,1e-12,843,112962,,3.1277378091206423,-2.8843203547295486,0.2749882107842265
844,1e-12,844,113096,,3.1277378091206423,-2.8843203547295486,0.2749882107842265
845,1e-12,845,113230,,3.1277378091206423,-2.8843203547295486,0.2749882107842265
846,1e-12,846,113364,5,3.1499020626394003,-2.8785224606034436,0.2555420481340067
847,1e-12,847,113498,,3.1499020626394003,-2.8785224606034436,0.2555420481340067
848,1e-12,848,113632,,3.1499020626394003,-2.8785224606034436,0.2555420481340067
849,1e-12,849,113766,,3.1499020626394003,-2.8785224606034436,0.2555420481340067
850,1e-12,850,113900,,3.1499020626394003,-2.8785224606034436,0.2555420481340067
851,1e-12,851,114034,5,3.171955544710618,-2.872739749239179,0.23742565244130986
852,1e-12,852,114168,,3.171955544710618,-2.872739749239179,0.23742565244130986
853,1e-12,853,114302,,3.171955544710618,-2.872739749239179,0.23742565244130986
854,1e-12,854,114436,,3.171955544710618,-2.872739749239179,0.23742565244130986
855,1e-12,855,114570,,3.171955544710618,-2.872739749239179,0.23742565244130986
856,1e-12,856,114704,5,3.19389542819023,-2.8669728213435084,0.22055580958627452
857,1e-12,857,114838,,3.19389542819023,-2.8669728213435084,0.22055580958627452
858,1e-12,858,114972,,3.19389542819023,-2.8669728213435084,0.22055580958627452
859,1e-12,859,115106,,3.19389542819023,-2.8669728213435084,0.22055580958627452
860,1e-12,860,115240,,3.19389542819023,-2.8669728213435084,0.22055580958627452
861,1e-12,861,115374,5,3.2157189530329164,-2.8612222756178216,0.20485331484420044
862,1e-12,862,115508,,3.2157189530329164,-2.8612222756178216,0.20485331484420044
863,1e-12,863,115642,,3.2157189530329164,-2.8612222756178216,0.20485331484420044
864,1e-12,864,115776,,3.2157189530329164,-2.8612222756178216,0.20485331484420044
865,1e-12,865,115910,,3.2157189530329164,-2.8612222756178216,0.20485331484420044
866,1e-12,866,116044,5,3.237423427246067,-2.8554887087528567,0.19024296725572754
867,1e-12,867,116178,,3.237423427246067,-2.8554887087528567,0.19024296725572754
868,1e-12,868,116312,,3.237423427246067,-2.8554887087528567,0.19024296725572754
869,1e-12,869,116446,,3.237423427246067,-2.8554887087528567,0.19024296725572754
870,1e-12,870,116580,,3.237423427246067,-2.8554887087528567,0.19024296725572754
871,1e-12,871,116714,5,3.259006227767489,-2.8497727154237564,0.1766535282038766
872,1e-12,872,116848,,3.259006227767489,-2.8497727154237564,0.1766535282038766
873,1e-12,873,116982,,3.259006227767489,-2.8497727154237564,0.1766535282038766
874,1e-12,874,117116,,3.259006227767489,-2.8497727154237564,0.1766535282038766
875,1e-12,875,117250,,3.259006227767489,-2.8497727154237564,0.1766535282038766
876,1e-12,876,117384,5,3.2804648012669433,-2.8440748882855518,0.16401765069134555
877,1e-12,877,117518,,3.2804648012669433,-2.8440748882855518,0.16401765069134555
878,1e-12,878,117652,,3.2804648012669433,-2.8440748882855518,0.16401765069134555
879,1e-12,879,117786,,3.2804648012669433,-2.8440748882855518,0.16401765069134555
880,1e-12,880,117920,,3.2804648012669433,-2.8440748882855518,0.16401765069134555
881,1e-12,881,118054,5,3.3017966648717394,-2.838395817969089,0.15227178506279637
882,1e-12,882,118188,,3.3017966648717394,-2.838395817969089,0.15227178506279637
883,1e-12,883,118322,,3.3017966648717394,-2.838395817969089,0.15227178506279637
884,1e-12,884,118456,,3.3017966648717394,-2.838395817969089,0.15227178506279637
885,1e-12,885,118590,,3.3017966648717394,-2.838395817969089,0.15227178506279637
886,1e-12,886,118724,5,3.3229994068167,-2.832736093077444,0.1413560662087563
887,1e-12,887,118858,,3.3229994068167,-2.832736093077444,0.1413560662087563
888,1e-12,888,118992,,3.3229994068167,-2.832736093077444,0.1413560662087563
889,1e-12,889,119126,,3.3229994068167,-2.832736093077444,0.1413560662087563
890,1e-12,890,119260,,3.3229994068167,-2.832736093077444,0.1413560662087563
891,1e-12,891,119394,5,3.3440706870190002,-2.827096300182838,0.13121418662808493
892,1e-12,892,119528,,3.3440706870190002,-2.827096300182838,0.13121418662808493
893,1e-12,893,119662,,3.3440706870190002,-2.827096300182838,0.13121418662808493
894,1e-12,894,119796,,3.3440706870190002,-2.827096300182838,0.13121418662808493
895,1e-12,895,119930,,3.3440706870190002,-2.827096300182838,0.13121418662808493
896,1e-12,896,120064,5,3.3650087999451115,-2.8214769748400523,0.12179339196844019
897,1e-12,897,120198,,3.3650087999451115,-2.8214769748400523,0.12179339196844019
898,1e-12,898,120332,,3.3650087999451115,-2.8214769748400523,0.12179339196844019
899,1e-12,899,120466,,3.3650087999451115,-2.8214769748400523,0.12179339196844019
900,1e-12,900,120600,,3.3650087999451115,-2.8214769748400523,0.12179339196844019
901,1e-12,901,120734,5,3.385814958360901,-2.815878391972452,0.11304480035206366
902,1e-12,902,120868,,3.385814958360901,-2.815878391972452,0.11304480035206366
903,1e-12,903,121002,,3.385814958360901,-2.815878391972452,0.11304480035206366
904,1e-12,904,121136,,3.385814958360901,-2.815878391972452,0.11304480035206366
905,1e-12,905,121270,,3.385814958360901,-2.815878391972452,0.11304480035206366
906,1e-12,906,121404,5,3.406487500775546,-2.810301063931646,0.10492185884556715
907,1e-12,907,121538,,3.406487500775546,-2.810301063931646,0.10492185884556715
908,1e-12,908,121672,,3.406487500775546,-2.810301063931646,0.10492185884556715
909,1e-12,909,121806,,3.406487500775546,-2.810301063931646,0.10492185884556715
910,1e-12,910,121940,,3.406487500775546,-2.810301063931646,0.10492185884556715
911,1e-12,911,122074,5,3.4270233670755523,-2.804745605124919,0.09738090734359073
912,1e-12,912,122208,,3.4270233670755523,-2.804745605124919,0.09738090734359073
913,1e-12,913,122342,,3.4270233670755523,-2.804745605124919,0.09738090734359073
914,1e-12,914,122476,,3.4270233670755523,-2.804745605124919,0.09738090734359073
915,1e-12,915,122610,,3.4270233670755523,-2.804745605124919,0.09738090734359073
916,1e-12,916,122744,5,3.4474022967616946,-2.7992137030952513,0.09038180172364507
917,1e-12,917,122878,,3.4474022967616946,-2.7992137030952513,0.09038180172364507
918,1e-12,918,123012,,3.4474022967616946,-2.7992137030952513,0.09038180172364507
919,1e-12,919,123146,,3.4474022967616946,-2.7992137030952513,0.09038180172364507
920,1e-12,920,123280,,3.4474022967616946,-2.7992137030952513,0.09038180172364507
921,1e-12,921,123414,5,3.467609371788082,-2.793702161057705,0.08388705264261676
922,1e-12,922,123548,,3.467609371788082,-2.793702161057705,0.08388705264261676
923,1e-12,923,123682,,3.467609371788082,-2.793702161057705,0.08388705264261676
924,1e-12,924,123816,,3.467609371788082,-2.793702161057705,0.08388705264261676
925,1e-12,925,123950,,3.467609371788082,-2.793702161057705,0.08388705264261676
926,1e-12,926,124084,5,3.48761517752746,-2.788192293650159,0.07786311338725538
927,1e-12,927,124218,,3.48761517752746,-2.788192293650159,0.07786311338725538
928,1e-12,928,124352,,3.48761517752746,-2.788192293650159,0.07786311338725538
929,1e-12,929,124486,,3.48761517752746,-2.788192293650159,0.07786311338725538
930,1e-12,930,124620,,3.48761517752746,-2.788192293650159,0.07786311338725538
931,1e-12,931,124754,5,3.5074163114211094,-2.7826825022970114,0.07227625900354262
932,1e-12,932,124888,,3.5074163114211094,-2.7826825022970114,0.07227625900354262
933,1e-12,933,125022,,3.5074163114211094,-2.7826825022970114,0.07227625900354262
934,1e-12,934,125156,,3.5074163114211094,-2.7826825022970114,0.07227625900354262
935,1e-12,935,125290,,3.5074163114211094,-2.7826825022970114,0.07227625900354262
936,1e-12,936,125424,5,3.5270130812149043,-2.777173608231287,0.0670948101652522
937,1e-12,937,125558,,3.5270130812149043,-2.777173608231287,0.0670948101652522
938,1e-12,938,125692,,3.5270130812149043,-2.777173608231287,0.0670948101652522
939,1e-12,939,125826,,3.5270130812149043,-2.777173608231287,0.0670948101652522
940,1e-12,940,125960,,3.5270130812149043,-2.777173608231287,0.0670948101652522
941,1e-12,941,126094,5,3.546405867139694,-2.7716664280010535,0.06228932611647897
942,1e-12,942,126228,,3.546405867139694,-2.7716664280010535,0.06228932611647897
943,1e-12,943,126362,,3.546405867139694,-2.7716664280010535,0.06228932611647897
944,1e-12,944,126496,,3.546405867139694,-2.7716664280010535,0.06228932611647897
945,1e-12,945,126630,,3.546405867139694,-2.7716664280010535,0.06228932611647897
946,1e-12,946,126764,5,3.5655951192173676,-2.7661617735074557,0.057832459023225535
947,1e-12,947,126898,,3.5655951192173676,-2.7661617735074557,0.057832459023225535
948,1e-12,948,127032,,3.5655951192173676,-2.7661617735074557,0.057832459023225535
949,1e-12,949,127166,,3.5655951192173676,-2.7661617735074557,0.057832459023225535
950,1e-12,950,127300,,3.5655951192173676,-2.7661617735074557,0.057832459023225535
951,1e-12,951,127434,5,3.584581354603455,-2.760660452041571,0.053698815568087976
952,1e-12,952,127568,,3.584581354603455,-2.760660452041571,0.053698815568087976
953,1e-12,953,127702,,3.584581354603455,-2.760660452041571,0.053698815568087976
954,1e-12,954,127836,,3.584581354603455,-2.760660452041571,0.053698815568087976
955,1e-12,955,127970,,3.584581354603455,-2.760660452041571,0.053698815568087976
956,1e-12,956,128104,5,3.6033637927028277,-2.7551618110429144,0.04986479785949438
957,1e-12,957,128238,,3.6033637927028277,-2.7551618110429144,0.04986479785949438
958,1e-12,958,128372,,3.6033637927028277,-2.7551618110429144,0.04986479785949438
959,1e-12,959,128506,,3.6033637927028277,-2.7551618110429144,0.04986479785949438
960,1e-12,960,128640,,3.6033637927028277,-2.7551618110429144,0.04986479785949438
961,1e-12,961,128774,5,3.621940703639125,-2.749664052861371,0.046308495092192814
962,1e-12,962,128908,,3.621940703639125,-2.749664052861371,0.046308495092192814
963,1e-12,963,129042,,3.621940703639125,-2.749664052861371,0.046308495092192814
964,1e-12,964,129176,,3.621940703639125,-2.749664052861371,0.046308495092192814
965,1e-12,965,129310,,3.621940703639125,-2.749664052861371,0.046308495092192814
966,1e-12,966,129444,5,3.6403128507937224,-2.744167929231063,0.04300963383267131
967,1e-12,967,129578,,3.6403128507937224,-2.744167929231063,0.04300963383267131
968,1e-12,968,129712,,3.6403128507937224,-2.744167929231063,0.04300963383267131
969,1e-12,969,129846,,3.6403128507937224,-2.744167929231063,0.04300963383267131
970,1e-12,970,129980,,3.6403128507937224,-2.744167929231063,0.04300963383267131
971,1e-12,971,130114,5,3.6584811034827274,-2.7386742391185077,0.039949412324794764
972,1e-12,972,130248,,3.6584811034827274,-2.7386742391185077,0.039949412324794764
973,1e-12,973,130382,,3.6584811034827274,-2.7386742391185077,0.039949412324794764
974,1e-12,974,130516,,3.6584811034827274,-2.7386742391185077,0.039949412324794764
975,1e-12,975,130650,,3.6584811034827274,-2.7386742391185077,0.039949412324794764
976,1e-12,976,130784,5,3.676446385751269,-2.7331837772755434,0.03711039654947523
977,1e-12,977,130918,,3.676446385751269,-2.7331837772755434,0.03711039654947523
978,1e-12,978,131052,,3.676446385751269,-2.7331837772755434,0.03711039654947523
979,1e-12,979,131186,,3.676446385751269,-2.7331837772755434,0.03711039654947523
980,1e-12,980,131320,,3.676446385751269,-2.7331837772755434,0.03711039654947523
981,1e-12,981,131454,5,3.694209673825688,-2.727697334269909,0.034476423784565835
982,1e-12,982,131588,,3.694209673825688,-2.727697334269909,0.034476423784565835
983,1e-12,983,131722,,3.694209673825688,-2.727697334269909,0.034476423784565835
984,1e-12,984,131856,,3.694209673825688,-2.727697334269909,0.034476423784565835
985,1e-12,985,131990,,3.694209673825688,-2.727697334269909,0.034476423784565835
986,1e-12,986,132124,5,3.7117719936203426,-2.72221569651494,0.03203251233222604
987,1e-12,987,132258,,3.7117719936203426,-2.72221569651494,0.03203251233222604
988,1e-12,988,132392,,3.7117719936203426,-2.72221569651494,0.03203251233222604
989,1e-12,989,132526,,3.7117719936203426,-2.72221569651494,0.03203251233222604
990,1e-12,990,132660,,3.7117719936203426,-2.72221569651494,0.03203251233222604
991,1e-12,991,132794,5,3.729134418299881,-2.716739646298392,0.02976477713203929
992,1e-12,992,132928,,3.729134418299881,-2.716739646298392,0.02976477713203929
993,1e-12,993,133062,,3.729134418299881,-2.716739646298392,0.02976477713203929
994,1e-12,994,133196,,3.729134418299881,-2.716739646298392,0.02976477713203929
995,1e-12,995,133330,,3.729134418299881,-2.716739646298392,0.02976477713203929
996,1e-12,996,133464,5,3.746298065897756,-2.7112699618105616,0.027660350970300396
997,1e-12,997,133598,,3.746298065897756,-2.7112699618105616,0.027660350970300396
998,1e-12,998,133732,,3.746298065897756,-2.7112699618105616,0.027660350970300396
999,1e-12,999,133866,,3.746298065897756,-2.7112699618105616,0.027660350970300396
1000,1e-12,1000,134000,,3.746298065897756,-2.7112699618105616,0.027660350970300396
