step,SmallMatrix/conv,SmallMatrix/iters,SmallMatrix/nodes_touched,SmallMatrix/tau,SmallMatrix/alpha,SmallMatrix/beta,SmallMatrix/gamma
0,3000.2666666666664,0,0,,,,
1,3000.2666666666664,1,42,1,1.022487919143947,-0.8825253571253124,4.997255630074201
2,91.72324088101169,2,84,1,1.025533353584024,-0.883895888064117,4.997224649023956
3,11.562180038102115,3,126,1,0.9170849721850614,-0.9078242139017745,4.997948791288248
4,2.980455620939903,4,168,1,0.8559406692923079,-0.9314088773088594,4.998277876493259
5,1.345804913234697,5,210,1,0.8177028693279684,-0.949692955749917,4.9984544136781786
6,0.9118089645384965,6,252,1,0.7967967177125079,-0.9621071987964693,4.998540889410474
7,0.768141804391242,7,294,1,0.7880077830809482,-0.9694318434497451,4.998572220020357
8,0.7121949474891082,8,336,1,0.7855993344303378,-0.9737260609547358,4.998576206946742
9,0.6872974804244268,9,378,1,0.7859781822896441,-0.9766236733957907,4.998568418627842
10,0.6747377128829166,10,420,1,0.7875224806475418,-0.9789308393030762,4.998555629030134
11,0.6675007948931208,11,462,1,0.7895690192238305,-0.9809857951698253,4.998540573563756
12,0.6626762525195969,12,504,1,0.7918433000339036,-0.9829299885525142,4.998524380874626
13,0.6589503299839418,13,546,1,0.7942256448810197,-0.9848253778955696,4.998507543022397
14,0.65568493482189,14,588,1,0.7966604970627444,-0.9867007886723598,4.998490288418404
15,0.6525486051719926,15,630,1,0.7991203435828365,-0.9885705110741463,4.998472729939557
16,0.6493575089798513,16,672,1,0.8015906285126748,-0.9904421096680407,4.99845492695675
17,0.6460025703429431,17,714,1,0.8040630896538017,-0.9923198801880553,4.998436912813061
18,0.6424142356952292,18,756,1,0.8065326559990291,-0.9942064609610481,4.998418707668808
19,0.6385446151266551,19,798,1,0.808995930161688,-0.9961036216839494,4.998400324815737
20,0.6343580332409514,20,840,1,0.8114504108410041,-0.998012667802969,4.99838177393314
21,0.629825820052823,21,882,1,0.8138940759000433,-0.9999346575249195,4.998363062850002
22,0.6249233150679311,22,924,1,0.8163251477353444,-1.0018705241246517,4.998344198550979
23,0.6196280590467163,23,966,1,0.818741953496749,-1.003821149009529,4.9983251877895505
24,0.6139186349500186,24,1008,1,0.8211428354980908,-1.0057874087721854,4.998306037495117
25,0.6077738648276985,25,1050,1,0.8235260880368918,-1.0077702086152727,4.998286755074402
26,0.60117219664422,26,1092,1,0.8258899073326504,-1.0097705090844753,4.998267348664193
27,0.5940911825284136,27,1134,1,0.8282323466623622,-1.0117893502640163,4.998247827370367
28,0.5865069860780138,28,1176,1,0.8305512715046182,-1.0138278761808206,4.998228201517193
29,0.34544397594070986,29,1218,1,0.8328443108025205,-1.0158873615058637,4.998208482926004
30,0.2813336102822681,30,1260,1,0.8195333532812374,-1.0262999179343528,4.998264688724269
31,0.28880368697260655,31,1302,1,0.8160245924153053,-1.0316005217798034,4.998272856552089
32,0.2713098013314367,32,1344,1,0.8194612285506497,-1.0330509819211482,4.998247847627541
33,0.3277135463446143,33,1386,1,0.8202375480784407,-1.0359991083868982,4.9982353559261785
34,0.369930025244001,34,1428,1,0.828602702832892,-1.0347260659154889,4.998185682079183
35,0.362447115310141,35,1470,1,0.8349627473250227,-1.0346112078187524,4.998144900696831
36,0.3348339452227223,36,1512,1,0.8370316456483433,-1.0368511669682556,4.998125194255309
37,0.29288050361471263,37,1554,1,0.8373091727442474,-1.0400793236195052,4.998114391534434
38,0.22992714132351377,38,1596,1,0.8359204270047389,-1.0442484747208471,4.99811192929959
39,0.17962097317006379,39,1638,1,0.8312433153704513,-1.0503169074775165,4.998125916172647
40,0.1554867931460305,40,1680,1,0.8264312078589446,-1.056571289233418,4.998140245175778
41,0.14376207832833673,41,1722,1,0.824733290840967,-1.0610852715429915,4.99813888742582
42,0.13603598253491891,42,1764,1,0.8250277852981134,-1.064449863795779,4.99812753659624
43,0.12125240357434122,43,1806,1,0.8260229624984372,-1.067411722874152,4.998112559003426
44,0.09484151983626239,44,1848,1,0.8252074225544261,-1.0714813797390201,4.998106471748857
45,0.07485252699677264,45,1890,1,0.8204536231693047,-1.078018379309484,4.998119850755642
46,0.06718612052873765,46,1932,1,0.815996297468661,-1.0844924928684736,4.9981315221276965
47,0.06530755204075317,47,1974,1,0.8154039428673938,-1.0885716025922487,4.998124041225278
48,0.06409100549075997,48,2016,1,0.8171976779685823,-1.0911288990329875,4.998104657658812
49,0.05531527548536308,49,2058,1,0.8192808761187031,-1.0935080395337204,4.998083609615154
50,0.04064077998192158,50,2100,1,0.8175127905598454,-1.0984141653518766,4.998081611345191
51,0.03483974416789795,51,2142,1,0.810950433572827,-1.1066064393351163,4.998103248728813
52,0.03449082612366427,52,2184,1,0.8090030572590035,-1.1117905554197796,4.998101873800861
53,0.035708374302237736,53,2226,1,0.8113301533639217,-1.1140504944819631,4.998079275996609
54,0.032111054668969734,54,2268,1,0.8149958721713628,-1.115395222379605,4.998049697923799
55,0.022656477119460654,55,2310,1,0.8144667220911039,-1.119651450947765,4.998040907388494
56,0.01975145076155806,56,2352,1,0.8067457230904862,-1.129070160649066,4.998067926334869
57,0.02060892060140701,57,2394,1,0.8053107138655364,-1.1341089883214786,4.998063441063783
58,0.02189514828274924,58,2436,1,0.8091831839331933,-1.1352870015759549,4.998032375077473
59,0.018075505884538948,59,2478,1,0.8136056272502332,-1.1360819078197182,4.9979980699615325
60,0.012227158260600435,60,2520,1,0.8105461428078038,-1.1423485820006563,4.998001457812176
61,0.012517874019867625,61,2562,1,0.8016303884396185,-1.153174833931723,4.99803393149714
62,0.014170997569243522,62,2604,1,0.8049296835467672,-1.1547743294423896,4.99800515167245
63,0.013802687642699984,63,2646,1,0.8112130827568154,-1.154113535651028,4.997960778513189
64,0.008469263581541295,64,2688,1,0.8130601531114481,-1.1568444911540101,4.997938526919279
65,0.008343331030825137,65,2730,1,0.8012604783380057,-1.1702363645851341,4.997985595566429
66,0.00985361578530919,66,2772,1,0.8034261135845333,-1.1727542898933283,4.997961735484324
67,0.010048835445805659,67,2814,1,0.8109530900482151,-1.171025496877753,4.997910082238793
68,0.0058662113654050895,68,2856,1,0.8141635403845462,-1.1727401132529203,4.997879947492002
69,0.0059722238957022195,69,2898,1,0.8008938949971918,-1.1877484122805406,4.997934604990624
70,0.008908571615907163,70,2940,1,0.8040264477812977,-1.1895096794442006,4.997905004672535
71,0.0072913219254989,71,2982,1,0.8184925951016788,-1.1821129090432672,4.997815502794366
72,0.0038991832368117352,72,3024,1,0.815170841681863,-1.1890838031259992,4.997818908207803
73,0.004648342733703018,73,3066,1,0.7993245082093989,-1.2067681185638262,4.997886961037537
74,0.008120156548921701,74,3108,1,0.8070978339668247,-1.2045672983984477,4.997832469356437
75,0.005148311197886347,75,3150,1,0.8263251162015068,-1.1931394363697563,4.997714655217279
76,0.005160173513049804,76,3192,1,0.8153732280096699,-1.2064867873099123,4.997759059901763
77,0.003741566358737371,77,3234,1,0.8180798491594516,-1.2086714443773423,4.997729272389003
78,0.006095927007970405,78,3276,1,0.8111739390437811,-1.2190514593407982,4.997751017602127
79,0.0034789210776335175,79,3318,1,0.828367126519062,-1.2090377877812195,4.997641423294104
80,0.0036205659720334113,80,3360,1,0.8142771862094338,-1.2254621665288046,4.9977030492307275
81,0.005673756562532413,81,3402,1,0.8180998801050501,-1.2267079792412807,4.997666215914641
82,0.0036273368848106597,82,3444,1,0.8342175213094936,-1.217595942785573,4.997559485375604
83,0.004459317594842103,83,3486,1,0.8234502226662241,-1.2312299657522674,4.997603766710203
84,0.002300758932202966,84,3528,1,0.8323073792977795,-1.2282189669476575,4.997536738091609
85,0.005853390341403205,85,3570,1,0.815184130875068,-1.2478642602445458,4.997615958770505
86,0.002798101661792485,86,3612,1,0.8459191140579168,-1.2259435045955978,4.997422213956744
87,0.004461045348724415,87,3654,1,0.8263116763010327,-1.2472672163037766,4.997518983599482
88,0.004711498036647773,88,3696,1,0.8430554803667032,-1.2374139261536152,4.997403378133988
89,0.002565373572612509,89,3738,1,0.847417800807098,-1.2383325541442152,4.9973588041448975
90,0.004896022156987638,90,3780,1,0.8317027163999495,-1.2565894034105216,4.9974337372757285
91,0.00164892139215987,91,3822,1,0.8540160991405052,-1.2419961936363457,4.997280746149016
92,0.004630584931380847,92,3864,1,0.8237847699749441,-1.2734277321791578,4.997442329347512
93,0.002016312879741446,93,3906,1,0.8577521494454072,-1.24809060901545,4.997218556651746
94,0.0028014344932065717,94,3948,1,0.8351529539717852,-1.2725936655138543,4.9973373794061295
95,0.005154580206607725,95,3990,1,0.8478105811426173,-1.2660110211823283,4.997240762421869
96,0.0022290576907780676,96,4032,1,0.8692790161706916,-1.2523852871914856,4.997083850346419
97,0.005058717888843023,97,4074,1,0.8462624442194187,-1.2769931332846924,4.997209697314961
98,0.0034354568555794163,98,4116,1,0.8742090744054922,-1.2575873757659226,4.99700908729535
99,0.0018657129969768273,99,4158,1,0.8649643304193209,-1.2700792974170874,4.99704862181631
100,0.004438430743711576,100,4200,1,0.8489619080704911,-1.2891612450915058,4.997129752306936
101,0.0010602614483447522,101,4242,1,0.8784298676421214,-1.2681128626648839,4.996914901888524
102,0.0038874238353298327,102,4284,1,0.8372204542068216,-1.310292097443405,4.997159485423171
103,0.0023674415407149165,103,4326,1,0.8798338152610141,-1.2764014482896693,4.996859841764788
104,0.0020436967441758384,104,4368,1,0.8671815275353267,-1.292254177231583,4.99692249006468
105,0.004702896479938415,105,4410,1,0.8653839958670873,-1.298796735014243,4.9969112653976895
106,0.0019189381558630553,106,4452,1,0.8941795317528949,-1.2786375878715537,4.996687897242329
107,0.004059100254027785,107,4494,1,0.8689303796319134,-1.3054932436286932,4.996839981534298
108,0.004135863339131075,108,4536,1,0.8951351590094196,-1.2873889669277436,4.9966316213441235
109,0.0015253205449132225,109,4578,1,0.898535730087966,-1.2893361158428664,4.996581550098899
110,0.00448983744001789,110,4620,1,0.8700793490405894,-1.3195185133270155,4.996758345777502
111,0.002232293663679853,111,4662,1,0.9067848882493528,-1.292061679235701,4.996468326486172
112,0.0024318011285941856,112,4704,1,0.8874905271608369,-1.3136391428594238,4.996584433113471
113,0.0032796070628714406,113,4746,1,0.892976672913057,-1.3137328365453622,4.996518008569293
114,0.0006754779033357446,114,4788,1,0.9052600288659014,-1.3079479270524925,4.9963992037316505
115,0.003846126839459658,115,4830,1,0.8586980092975254,-1.3566924161916485,4.996706651402917
116,0.0016539314975061894,116,4872,1,0.9160216344583167,-1.3086013660579638,4.996260215739579
117,0.0026744693057322677,117,4914,1,0.8920318312535995,-1.3348267912420264,4.9964150954160775
118,0.00414284228349575,118,4956,1,0.910077474464233,-1.3236392853364207,4.996249158032821
119,0.0015322075834882233,119,4998,1,0.9269896852941553,-1.3141076989466605,4.996084897925868
120,0.0038669638489966106,120,5040,1,0.8980324776353867,-1.344734510847755,4.996283286499503
121,0.00305249632978046,121,5082,1,0.930501356735943,-1.3210292433282134,4.995995192732815
122,0.00131402449261463,122,5124,1,0.9257191978432293,-1.3301019551413922,4.996003531447474
123,0.003401455498391501,123,5166,1,0.9016136509805235,-1.3570434810587904,4.996165000021348
124,0.0009455656997576716,124,5208,1,0.9349750934734047,-1.3321977478875109,4.995862923318623
125,0.0030740460180969983,125,5250,1,0.8968402352251956,-1.3722673716608083,4.996139378295203
126,0.0017186783290545076,126,5292,1,0.937454670326701,-1.340159422754149,4.995776173586801
127,0.0018642004336087241,127,5334,1,0.9215251080102056,-1.3594876449085926,4.995877011227202
128,0.00373845429004335,128,5376,1,0.9270041475000683,-1.3597109033089583,4.995797700319413
129,0.001378078765571439,129,5418,1,0.9525751022555093,-1.3424273969050806,4.995540936126644
130,0.0032650653052779663,130,5460,1,0.9230010691802402,-1.3739596303725812,4.995762679828662
131,0.0029081135094110476,131,5502,1,0.9539535781326274,-1.3514175164981026,4.995456990584757
132,0.0011426036981794763,132,5544,1,0.9530609240450463,-1.3573186072158574,4.9954285780467105
133,0.00295116727957255,133,5586,1,0.9255604359572378,-1.387635848353667,4.995634464354143
134,0.0008787393371493597,134,5628,1,0.9593958996598462,-1.362149319013862,4.995295709437034
135,0.002879171045676901,135,5670,1,0.9228447901064709,-1.4011629256459466,4.99558416763564
136,0.0014536734197753414,136,5712,1,0.9644502478389458,-1.3681346848627256,4.9951711215968295
137,0.0019223765747377337,137,5754,1,0.9448976554530901,-1.3909856622423202,4.995313515244332
138,0.0033469280742410962,138,5796,1,0.9569704267795491,-1.3852725279097848,4.995162454191382
139,0.0010793864282534825,139,5838,1,0.9783335913498381,-1.3717562087712918,4.994915952382339
140,0.0029368631354074067,140,5880,1,0.9438954349276694,-1.4082302806029117,4.995203232501385
141,0.002155824503465937,141,5922,1,0.9798903117097852,-1.380844488525432,4.994816416887219
142,0.0017299960102089564,142,5964,1,0.9725245339137081,-1.3925984457876235,4.994846878569486
143,0.0021211245699896118,143,6006,1,0.9681663666343492,-1.4018871627866123,4.99484680896704
144,0.0008390338000342989,144,6048,1,0.9779041017429912,-1.3984736215033537,4.9947059997028385
145,0.0030252441405979095,145,6090,1,0.9502083737028777,-1.429844106407416,4.994933396910584
146,0.001226504674568537,146,6132,1,0.9958171145528176,-1.3933895458051673,4.994430405207645
147,0.002403276655521195,147,6174,1,0.9685593739847747,-1.4233466192795945,4.99466499539018
148,0.0026121018605304277,148,6216,1,0.9940238193822939,-1.4055874781876452,4.994355533130087
149,0.0009266971882241659,149,6258,1,0.9998479745371687,-1.405827902016107,4.994245142596808
150,0.002317761681941538,150,6300,1,0.9681241359776993,-1.4404794219397614,4.994529289027409
151,0.0006739571633751674,151,6342,1,1.0018064241810847,-1.41484646413672,4.9941255039138435
152,0.002604201140057956,152,6384,1,0.9634978942689192,-1.4563819115225796,4.994479489359431
153,0.0012404132974051247,153,6426,1,1.011818380713084,-1.4168295657715937,4.993912579518345
154,0.0019271787596365734,154,6468,1,0.9897012663955316,-1.4423430547879785,4.994105516159689
155,0.0026413226183280704,155,6510,1,1.0075935759533423,-1.4314387870092435,4.993855504697869
156,0.0006802982270983295,156,6552,1,1.0214188549036067,-1.424643508977435,4.993643109558239
157,0.0022239794986194396,157,6594,1,0.9785695424163645,-1.470147496391084,4.994068560138461
158,0.0008968763083395616,158,6636,1,1.0215953253625232,-1.4353707774286113,4.993530623277376
159,0.0023505123504562377,159,6678,1,0.99376602694185,-1.4667412944713327,4.9937944670607655
160,0.0011929660381578917,160,6720,1,1.0296113596308492,-1.4392383766241772,4.9933210028789
161,0.0017140559728986901,161,6762,1,1.0094142067446679,-1.4632016504333238,4.993503045343623
162,0.0024809430287459156,162,6804,1,1.0248364388507918,-1.4545690099082895,4.9932614653736715
163,0.000689032515591746,163,6846,1,1.0406997338614168,-1.4459525883292206,4.993005885660539
164,0.002010284206874361,164,6888,1,0.9998976526494432,-1.4896599914964856,4.993437760946678
165,0.0007161570890745029,165,6930,1,1.0395421466530606,-1.4580384408896618,4.992896705258509
166,0.0023129402321961,166,6972,1,1.0072243587218541,-1.4941144541687632,4.99323067815954
167,0.0010847297347828949,167,7014,1,1.0506115347748357,-1.4593277752406832,4.992626703147938
168,0.0017484944078919435,168,7056,1,1.027437865216136,-1.4861767521782163,4.9928580107038005
169,0.0021690416980793864,169,7098,1,1.04702621558774,-1.473727174213076,4.99254168824953
170,0.0009338681702666918,170,7140,1,1.0576725632784292,-1.4698038675220293,4.992332988719383
171,0.0016625267437017774,171,7182,1,1.0314703008708028,-1.4997189179389159,4.992608678016872
172,0.0005426541093549288,172,7224,1,1.0545587873065232,-1.483885878404171,4.992236477082471
173,0.0023663012847557163,173,7266,1,1.019019556129934,-1.523838049968835,4.992630237539099
174,0.0008678614599761272,174,7308,1,1.0732461375931486,-1.4784685545742309,4.9918350730001535
175,0.0018451308387310535,175,7350,1,1.041226528786645,-1.5137641278571807,4.992201787574701
176,0.0015898403265350945,176,7392,1,1.070701464389881,-1.4920459802292723,4.991722597685234
177,0.0015260396745124668,177,7434,1,1.0685710479133141,-1.4997024367828695,4.991677205051882
178,0.001131983821898767,178,7476,1,1.0702555400808684,-1.5039203741234837,4.9915764401565355
179,0.0010421412807336981,179,7518,1,1.0628697007368069,-1.516599850718419,4.991604260118283
180,0.002226649735728178,180,7560,1,1.063091804723175,-1.5222534293524204,4.991522932100087
181,0.0005167817200007951,181,7602,1,1.093161750553103,-1.5004939584876613,4.9909984110567445
182,0.0016701602216652907,182,7644,1,1.0449572250288472,-1.5518555396713047,4.991623478498977
183,0.0006085105600913241,183,7686,1,1.0892031521629262,-1.5155287964567168,4.9908922461866645
184,0.0020681851358625436,184,7728,1,1.0568134100691342,-1.552089470552371,4.991293518193727
185,0.0008692298523299492,185,7770,1,1.1032301847601667,-1.5144575898754127,4.990501694740682
186,0.001601203983115194,186,7812,1,1.075534582614723,-1.5458337425584003,4.990847034863032
187,0.0015348074930356139,187,7854,1,1.1004060804648765,-1.5285382337760558,4.9903701059926995
188,0.0013925839395424364,188,7896,1,1.1020777394631214,-1.532830045250968,4.990253331369926
189,0.0010496920463527956,189,7938,1,1.1017838471890133,-1.5389262911279906,4.990167235961064
190,0.0010273774378189845,190,7980,1,1.0948778393220602,-1.5511976898190964,4.990188282578725
191,0.001985550579900079,191,8022,1,1.0973002913222432,-1.5548343885501634,4.990056453652491
192,0.0006550686356634908,192,8064,1,1.124238662968666,-1.5361167998856882,4.989506420268945
193,0.0013747047935804024,193,8106,1,1.0877126043439522,-1.5759016644286907,4.990027624347064
194,0.0004803399920450168,194,8148,1,1.1173695805808295,-1.5539247307119628,4.989429910855224
195,0.002019242673476061,195,8190,1,1.0831391987473058,-1.592474450104029,4.989914163844171
196,0.0006065343041450259,196,8232,1,1.1378384813054638,-1.547205850274774,4.988863012799722
197,0.0015147071123967268,197,8274,1,1.097737425128401,-1.5902488652972613,4.989473137837731
198,0.0008457532699551758,198,8316,1,1.1338507665552249,-1.5623907412819371,4.988727446016503
199,0.0017729669480004671,199,8358,1,1.1160233169332012,-1.584741734908814,4.988947780692827
200,0.0008091965429634503,200,8400,1,1.146142211606287,-1.5630623773649288,4.988282485081866
201,0.001393172188764101,201,8442,1,1.1209033337717602,-1.5920824557699695,4.988648000568816
202,0.0013116239999406648,202,8484,1,1.1438630747194256,-1.5767978473003952,4.9881055191995785
203,0.0013985274620031529,203,8526,1,1.1449353616824176,-1.5817075633525854,4.987972655925555
204,0.0009115656596468044,204,8568,1,1.1505691905126525,-1.582496269373011,4.987748141151695
205,0.0011341997559827168,205,8610,1,1.1382260936915902,-1.5997226455204747,4.987876647680959
206,0.001575410465500993,206,8652,1,1.1494727404635077,-1.5952895824080866,4.987537966568128
207,0.0010152092940410263,207,8694,1,1.164861210073516,-1.587300005311149,4.98710467583051
208,0.0009497799521221221,208,8736,1,1.1519994229640664,-1.6048380555275497,4.987249231426709
209,0.0008437755126190532,209,8778,1,1.1528558862727798,-1.6100002530801671,4.987110598890123
210,0.001695879622620725,210,8820,1,1.1518225170040532,-1.6169284833220146,4.987009619964708
211,0.0007052426977244119,211,8862,1,1.1809125634066615,-1.5965079988979483,4.9862621877391735
212,0.0010059560622174373,212,8904,1,1.1518627480607089,-1.6288928320625118,4.986759999150608
213,0.000650186008275769,213,8946,1,1.168207662597652,-1.6197135022792168,4.9862815687621715
214,0.0017306900877157208,214,8988,1,1.1554938019044947,-1.637525958893677,4.986427606449174
215,0.0005557794711526503,215,9030,1,1.195094892661832,-1.6074584011821047,4.9854096290183625
216,0.0010907356865780583,216,9072,1,1.156372383577382,-1.6487997684671984,4.986146925906821
217,0.0005343966466910479,217,9114,1,1.1845577992826226,-1.6286252224308537,4.985377555428693
218,0.0017224783425758318,218,9156,1,1.1615603134508272,-1.6560002694014653,4.985763439190929
219,0.0004576020591241845,219,9198,1,1.2084338069704708,-1.6192205648286095,4.984525728888414
220,0.0011208757010800555,220,9240,1,1.162519475035226,-1.6672703887632343,4.985465944672423
221,0.0004626462493217869,221,9282,1,1.1990348725553934,-1.639330613150605,4.9844614483632625
222,0.00169868409639992,222,9324,1,1.1695710366989642,-1.6727116093183736,4.985019588855989
223,0.00041062627308330075,223,9366,1,1.2215161143519948,-1.6312716187307563,4.983595530517354
224,0.001115261403671364,224,9408,1,1.1718590614387427,-1.6827393333028309,4.98467383312429
225,0.0004390642438117672,225,9450,1,1.2124018894474295,-1.6511071431625843,4.983517582330992
226,0.0016728777699906855,226,9492,1,1.1810119476325964,-1.6861936197820193,4.984151684779239
227,0.0004123854888453798,227,9534,1,1.2346316859893185,-1.6433549823735372,4.982609039989074
228,0.0010816338325193733,228,9576,1,1.1854087349900708,-1.6942187215813598,4.983732403288321
229,0.0004611890775628551,229,9618,1,1.2248895563795434,-1.6637322771010281,4.982540839577176
230,0.001645346975320101,230,9660,1,1.1962936497619483,-1.6960808883233112,4.983134049732206
231,0.000459466387208556,231,9702,1,1.2477835191752211,-1.6554651077757858,4.981562689756596
232,0.0010163414899645672,232,9744,1,1.2029228511599994,-1.7020136211452181,4.982628522130174
233,0.0005206351252760787,233,9786,1,1.2362514448739705,-1.677417184088091,4.981538513040677
234,0.001603129299789521,234,9828,1,1.2143969131913894,-1.703417867306553,4.981974780439275
235,0.0005467514516252782,235,9870,1,1.2606567661431953,-1.667869897936534,4.980462221064444
236,0.0009053553387972425,236,9912,1,1.2230698271924103,-1.7074919075035955,4.981377266433187
237,0.0006018116239742493,237,9954,1,1.245641076699121,-1.692916996473812,4.980537182758862
238,0.0015205479799271467,238,9996,1,1.2335588352946305,-1.7099212390971603,4.980707205624038
239,0.0006650415178648261,239,10038,1,1.2725660290205936,-1.6811536378346115,4.9793268387555685
240,0.0008535559853099057,240,10080,1,1.2442518512817085,-1.7122169612547413,4.980007691217983
241,0.000725807180943568,241,10122,1,1.257258556300935,-1.7064739146245929,4.9794109371978115
242,0.0013631131601425058,242,10164,1,1.2545225050197415,-1.7149492914946114,4.979296941840088
243,0.0009036952601789475,243,10206,1,1.2823469902041376,-1.6963168073291266,4.97819585440725
244,0.0007803515068842802,244,10248,1,1.2699202852216065,-1.713149720473011,4.97839503507495
245,0.0008958589704266217,245,10290,1,1.2677605902911615,-1.7210774995549596,4.978255892024686
246,0.001097939233744966,246,10332,1,1.2765918647763148,-1.7191965462786123,4.977750065198339
247,0.0011638048669432295,247,10374,1,1.2880067333181535,-1.7151151433725131,4.977144173519621
248,0.0006496686152230267,248,10416,1,1.2938101633489822,-1.7160027687411121,4.976719775532362
249,0.0010021050460306965,249,10458,1,1.2747072884773076,-1.7389243336610734,4.977157205731148
250,0.0007115207184412542,250,10500,1,1.2950433353357014,-1.7268280533164868,4.976220835989402
251,0.0013707328085954143,251,10542,1,1.2852574317486167,-1.7414961691658493,4.976337630472935
252,0.00045336276912571213,252,10584,1,1.314438515947742,-1.7219115727183791,4.975041371710487
253,0.0009850156048533867,253,10626,1,1.2748857818849126,-1.7629840829375456,4.976240754703946
254,0.00032468076684166595,254,10668,1,1.3085674233627622,-1.7388560450081259,4.974774971866985
255,0.0014425226155238592,255,10710,1,1.269082183993149,-1.7805358022355346,4.975976942911954
256,0.0004496263407102306,256,10752,1,1.3307764298830447,-1.7315995104497524,4.973415803480046
257,0.0008039419090392595,257,10794,1,1.2886559775881739,-1.7746991358672837,4.974780503685977
258,0.0005699675021293602,258,10836,1,1.314859571722372,-1.7572606185574038,4.973526452011269
259,0.0012946830079516901,259,10878,1,1.3049630585710652,-1.7720684558062654,4.973653997522177
260,0.0008008072887503359,260,10920,1,1.3408767737773801,-1.746627812707325,4.971946219409643
261,0.0007118929829479543,261,10962,1,1.3254445575794822,-1.7659300266299498,4.972309337488722
262,0.0008516643708100421,262,11004,1,1.3243951422952185,-1.772848239284513,4.972079981857002
263,0.0008846575460436952,263,11046,1,1.3350668270726616,-1.7694800693866986,4.971359424482094
264,0.0012013817676983858,264,11088,1,1.3401790106548843,-1.7710038009732432,4.970859708666997
265,0.0004883801451326663,265,11130,1,1.3559887690872696,-1.7633388182749243,4.9698824824252155
266,0.0009283359929887175,266,11172,1,1.323929811197284,-1.7973504526340258,4.970979536791546
267,0.00028322291029667156,267,11214,1,1.3529537916763248,-1.777832380470972,4.9694236756618455
268,0.0013547656283607946,268,11256,1,1.3097957319159328,-1.822333765527965,4.971001354053923
269,0.00045222993057200895,269,11298,1,1.3753698477665344,-1.7705114844002372,4.967780495820115
270,0.0007562119721518486,270,11340,1,1.3352957131429675,-1.8113513372023697,4.969306099127755
271,0.0005902209356746632,271,11382,1,1.3593094791157887,-1.796197881871297,4.967902110899663
272,0.001128700515138837,272,11424,1,1.3530745481946023,-1.8076360479959774,4.967875772716967
273,0.0009242917330400647,273,11466,1,1.382675793411563,-1.7879949350235047,4.966134814151202
274,0.0005962674462307947,274,11508,1,1.3783078992027178,-1.797686911091756,4.966016166847159
275,0.0008761289579983236,275,11550,1,1.364401694838317,-1.8157040156051374,4.966362102038936
276,0.0005281100214367012,276,11592,1,1.3834923909783865,-1.8051366238354192,4.965078981567737
277,0.0012738169140115256,277,11634,1,1.3668589628231989,-1.82555344998807,4.965567111744254
278,0.0003153778252130544,278,11676,1,1.4059513393646959,-1.7977876723941386,4.963209800009357
279,0.0007491867676270136,279,11718,1,1.3536624856773232,-1.8493695352712,4.965532849488717
280,0.0005095045226834717,280,11760,1,1.3919032984796795,-1.8217305217188478,4.963228414376754
281,0.0011504739643589147,281,11802,1,1.380077368413525,-1.8379775264215592,4.963485499618861
282,0.0008133184109153372,282,11844,1,1.4166378862926832,-1.8124006567346034,4.961138152219549
283,0.0005971067315595209,283,11886,1,1.406303240902316,-1.827206403558771,4.961329612324868
284,0.0008313443972182161,284,11928,1,1.3975154843314077,-1.8407614233228333,4.961430653169896
285,0.0005267559379319996,285,11970,1,1.4146073007163054,-1.831976322141624,4.9600843964462324
286,0.0012269173408397376,286,12012,1,1.3998537989952564,-1.8506943513086385,4.960523282923586
287,0.0003270998636825636,287,12054,1,1.4378518555304123,-1.8239597127045963,4.9579102644310895
288,0.0007088530619309377,288,12096,1,1.3880837290212302,-1.8730551833187694,4.9603915188784775
289,0.0005189667990094482,289,12138,1,1.4230182046375586,-1.8485672310311643,4.957965446982717
290,0.0010510803253043278,290,12180,1,1.414094718133486,-1.862258035309347,4.958076786399131
291,0.0008831480826015897,291,12222,1,1.4465180563560445,-1.8402925414998454,4.955665908728078
292,0.0005211499009713818,292,12264,1,1.4431733596118013,-1.8490985461246008,4.955435920075448
293,0.0008174705416568295,293,12306,1,1.425447042024632,-1.8703460385325974,4.956101615135564
294,0.0003098959008373869,294,12348,1,1.4475227028453899,-1.8572595730293617,4.954258949972154
295,0.0012046478830290914,295,12390,1,1.4118527280065793,-1.8942200887307026,4.956057071394622
296,0.0004601247276924518,296,12432,1,1.4708767804041538,-1.8491494743182137,4.951770064797474
297,0.0006625962624614649,297,12474,1,1.4353516873548031,-1.885666056569632,4.953663956535821
298,0.0006515667920890323,298,12516,1,1.4539835798964829,-1.8755108075256357,4.95195890480778
299,0.000799072030753616,299,12558,1,1.457064770527126,-1.8788113276986107,4.951265081549213
300,0.0010539049254978164,300,12600,1,1.469188611476966,-1.8743321413984568,4.9499303215720385
301,0.00034940942712917455,301,12642,1,1.484308068054362,-1.867333185298712,4.948339968391391
302,0.0007369471181303362,302,12684,1,1.442927608354218,-1.9090035307856188,4.950751003303697
303,0.00042714697811339225,303,12726,1,1.4772249723596556,-1.885268597753842,4.947819386309061
304,0.0010724474031814902,304,12768,1,1.4586672769415017,-1.9072569203561311,4.948635862172395
305,0.0007389505868202905,305,12810,1,1.500212722534835,-1.877485764942795,4.945020632996264
306,0.0005265032777761875,306,12852,1,1.4887231116544364,-1.8932348758510975,4.945354726756526
307,0.0007655857343491282,307,12894,1,1.4786033277302404,-1.9078918182136362,4.945573092759709
308,0.00032101832527938677,308,12936,1,1.4977904788077343,-1.8973461627147301,4.9435371887226545
309,0.0011398032250734044,309,12978,1,1.465915838322239,-1.9308553891939575,4.945423830562671
310,0.00046064303594853457,310,13020,1,1.5217949314813335,-1.8887324329947202,4.940428598406928
311,0.0006178766761071306,311,13062,1,1.4883329917881603,-1.9233299647729363,4.94256030752959
312,0.0006593864692240542,312,13104,1,1.5042380330227973,-1.915583131405411,4.940689296536658
313,0.0006478887629205927,313,13146,1,1.5107415081518227,-1.9159460301239066,4.93954656799432
314,0.001064172043613811,314,13188,1,1.5138463269941054,-1.9192240969163834,4.938670934585728
315,0.0002656654535434106,315,13230,1,1.5381399818555515,-1.904418572411237,4.935925206977451
316,0.0006405635634953082,316,13272,1,1.4848015170517277,-1.9562773326092233,4.939854861931455
317,0.000487152527139341,317,13314,1,1.5248896033190051,-1.9275742488274281,4.935813792140813
318,0.0008641533058414018,318,13356,1,1.5174309605160268,-1.9399195883933704,4.9358214671782275
319,0.0009146483946684229,319,13398,1,1.544951014337086,-1.9222954787100672,4.932665118541761
320,0.0003622793897911404,320,13440,1,1.5511520034116577,-1.9229281730320664,4.931397058348242
321,0.0006924946858063987,321,13482,1,1.5167354211634843,-1.9583805554732585,4.933893894166723
322,0.00040227675607560883,322,13524,1,1.5473791289164214,-1.9379910268959017,4.93036319538583
323,0.0009831507721224208,323,13566,1,1.5287717668934186,-1.95989382493227,4.931418724928005
324,0.0007447053106466692,324,13608,1,1.5695976605357433,-1.9308665067168942,4.9267306963348965
325,0.0004493671987025775,325,13650,1,1.5619942331277774,-1.9432758025486638,4.926761175852428
326,0.0007109649744258724,326,13692,1,1.5449506857732458,-1.9637958476927961,4.927716821622615
327,0.00030799772587670397,327,13734,1,1.5678322933262623,-1.9501279052739589,4.9246624261763525
328,0.0010323074660209036,328,13776,1,1.5370483106523074,-1.9825060420114213,4.927006680006638
329,0.0005880704029154337,329,13818,1,1.591020388138891,-1.9421473621964869,4.920629627585409
330,0.0005023894946019441,330,13860,1,1.5716291476070567,-1.9646412812638716,4.9219298516469525
331,0.0006942278724810756,331,13902,1,1.5689885575367315,-1.9728229280878276,4.92141342337507
332,0.00026257526860719435,332,13944,1,1.5862956128974248,-1.9639284103106611,4.91871695599792
333,0.0010394281205748852,333,13986,1,1.5498450574885543,-2.001193664929825,4.921825638935463
334,0.0004907164044960846,334,14028,1,1.6107921526677376,-1.9547911088291658,4.914216942129821
335,0.0005304162254322819,335,14070,1,1.583609599940041,-1.983977963658528,4.916501864187272
336,0.0006643993135172224,336,14112,1,1.5907449980745914,-1.9837774862882744,4.914826644374868
337,0.00036033466029916937,337,14154,1,1.6039947467847129,-1.978332564680772,4.9123924648064605
338,0.001026358550674789,338,14196,1,1.5824862930279124,-2.0026903257631283,4.914024850860045
339,0.0004409223882242973,339,14238,1,1.629809764699494,-1.9680117824739733,4.907381908322829
340,0.0005413584722778011,340,14280,1,1.5987012701954806,-2.0005881120937654,4.910311750442065
341,0.0006359856618997154,341,14322,1,1.6111421774510353,-1.9958158708899778,4.907857339326307
342,0.00041255212528238977,342,14364,1,1.6217423359524332,-1.9926168755128209,4.905566773588299
343,0.001007447131673339,343,14406,1,1.6076758576783732,-2.0105853986401976,4.906386515232209
344,0.00041205416966059695,344,14448,1,1.6486184298896878,-1.9813251346380554,4.900028971496917
345,0.000540751498275805,345,14490,1,1.6154608439045892,-2.015686051436914,4.903441112151947
346,0.0006167727134184715,346,14532,1,1.6306821999314147,-2.008497654119399,4.900431871041956
347,0.0004244998593717814,347,14574,1,1.6400640668905722,-2.0063180687983735,4.898126876570538
348,0.00099006094197727,348,14616,1,1.628463513133127,-2.022169411207836,4.898668690830801
349,0.00040437854763419504,349,14658,1,1.6674988452190038,-1.9944734534303081,4.892078285178402
350,0.0005314637152354731,350,14700,1,1.6342917084406425,-2.028913373306909,4.8957522533444235
351,0.0006090661289048211,351,14742,1,1.649579257292706,-2.021631266024853,4.892498778032729
352,0.0004000679538795625,352,14784,1,1.6591607779912065,-2.0192485855644673,4.889982382892693
353,0.0009756504721322664,353,14826,1,1.6456264097478224,-2.0367678718821667,4.890841345931291
354,0.00041639471585249783,354,14868,1,1.6865070380801543,-2.0073972144541847,4.883471095056079
355,0.0005138633398120564,355,14910,1,1.6551483791657977,-2.040287742986709,4.8871444667730986
356,0.0006107385636411702,356,14952,1,1.6678174485409718,-2.035220675337789,4.8840322529335385
357,0.000341374060923993,357,14994,1,1.6789099691122409,-2.031500307787825,4.881078891826295
358,0.0009607351840505995,358,15036,1,1.658673524299415,-2.054808634241692,4.883041964903029
359,0.00044514377228455993,359,15078,1,1.7054961363525294,-2.020215667955618,4.874176876618339
360,0.00048622798378579577,360,15120,1,1.6775787838515828,-2.0501795037776493,4.877568341293996
361,0.00061594272620176,361,15162,1,1.6851764873314923,-2.049452573185196,4.875041166287367
362,0.00024950651378669454,362,15204,1,1.6989101372443225,-2.043409139772225,4.871408615793413
363,0.0009377023549765693,363,15246,1,1.6652814209240432,-2.0783113767843657,4.875722090667114
364,0.0004865231933741693,364,15288,1,1.7241292738390452,-2.0332139370085462,4.864203123866903
365,0.00044532901706838247,365,15330,1,1.7009342707655064,-2.0591317835502014,4.867015001194588
366,0.000615629281034773,366,15372,1,1.701199120174343,-2.064721162321953,4.865586280821691
367,0.0002703253694427548,367,15414,1,1.718547179159379,-2.0554983186177815,4.861017141651937
368,0.0008956579985481075,368,15456,1,1.6883196891337027,-2.087504640683102,4.86506666099444
369,0.0005895087472638336,369,15498,1,1.7418794512519948,-2.0468454746847207,4.853610119566801
370,0.0003872310405288451,370,15540,1,1.7285531364643543,-2.0642280919411555,4.854727603081746
371,0.0005981747104752218,371,15582,1,1.7150817605293114,-2.0817251372040575,4.855816132636349
372,0.0003345646325737741,372,15624,1,1.7370230540844696,-2.068456812422989,4.850016555562156
373,0.0008217942169577912,373,15666,1,1.716890917471456,-2.091745067237855,4.852435086386157
374,0.0006990480592643399,374,15708,1,1.7579815429458738,-2.0617770759376004,4.842536954824432
375,0.00030843445737427106,375,15750,1,1.7552504979685777,-2.06993829693885,4.841495544290889
376,0.0005505082887289917,376,15792,1,1.7253365420755071,-2.1017639556876992,4.846055264499573
377,0.00038845271613903757,377,15834,1,1.7532641112329987,-2.0832221193060603,4.83862308986286
378,0.0007037850535908422,378,15876,1,1.7427839778534637,-2.0981287095498176,4.839183159450773
379,0.0007979799367473578,379,15918,1,1.771253831682178,-2.0790479641260804,4.831261041173138
380,0.0002074363029999259,380,15960,1,1.7803480349357401,-2.0768522633220217,4.82742603506189
381,0.0005222322173702946,381,16002,1,1.7285687632182847,-2.1277972088092643,4.837090740987673
382,0.0004572305109008404,382,16044,1,1.7707635461469584,-2.0967461089513835,4.826069908058317
383,0.0005335073317722543,383,16086,1,1.7692182467174118,-2.1038404600396445,4.824617369410397
384,0.0008638452183849156,384,16128,1,1.779517928267003,-2.1005653068198757,4.820364476401561
385,0.00032365752754061946,385,16170,1,1.8032446424683763,-2.0854872975372665,4.812665721852566
386,0.0004849225168188178,386,16212,1,1.7667753776833035,-2.12315617178873,4.819637400137765
387,0.0005396627542478391,387,16254,1,1.7874058439436924,-2.11081622619011,4.812760615862188
388,0.00031167943418935746,388,16296,1,1.795747553438596,-2.1092062316162976,4.80871823971318
389,0.0008707131407133413,389,16338,1,1.777067450360235,-2.131265825369087,4.8113980402998795
390,0.0004428029879364883,390,16380,1,1.8232242141743635,-2.0964356263497748,4.797455921637315
391,0.00040912591319640357,391,16422,1,1.7994451339895228,-2.1230257467312885,4.801725635738256
392,0.0005637026893648859,392,16464,1,1.8001390433459816,-2.1280880704741967,4.799477496974358
393,0.00028591373764557483,393,16506,1,1.8172483332961713,-2.118715770027783,4.792778116646355
394,0.0007941362498530263,394,16548,1,1.7932723880367765,-2.1454345931766654,4.797077403354894
395,0.0006354731755910753,395,16590,1,1.8391418357339884,-2.1107189168416958,4.782222254697471
396,0.0002920112494243471,396,16632,1,1.8339829453923422,-2.120913265657604,4.781486225876547
397,0.0005078272067432399,397,16674,1,1.8060085983888228,-2.151185029836621,4.787145222947689
398,0.0003749894301947826,398,16716,1,1.8326998399391163,-2.1333055848370868,4.777316201498486
399,0.0006198335157026997,399,16758,1,1.8242105396806154,-2.1464143276207195,4.777480363138383
400,0.0007844246328066631,400,16800,1,1.8487366122611053,-2.1303629671326743,4.767817944341456
401,0.0002494968010938362,401,16842,1,1.8622705977757525,-2.1239746266739044,4.761166167866141
402,0.0004794321486542739,402,16884,1,1.8193023175826877,-2.167565152563754,4.771845183006126
403,0.0004883107204249805,403,16926,1,1.8500781214869448,-2.1459689464238614,4.760100591628834
404,0.0003543241242222642,404,16968,1,1.854774525034597,-2.1473864246402234,4.756113514159615
405,0.0008321364498203628,405,17010,1,1.8455929670846762,-2.161082292092157,4.75649470801266
406,0.00041201889066813766,406,17052,1,1.8843626733887135,-2.132218851485597,4.741133303781636
407,0.00039476906968805063,407,17094,1,1.859671285912393,-2.159689836261027,4.746808655597105
408,0.0005345134545127018,408,17136,1,1.861870753575512,-2.163256410732486,4.7434373789940505
409,0.00028298271878741656,409,17178,1,1.8781841067549259,-2.1542594745175996,4.735205501476752
410,0.0007433039047651906,410,17220,1,1.8561355504298795,-2.1793334211555706,4.739959221912058
411,0.000638601462150659,411,17262,1,1.8994676472684922,-2.1462572100507473,4.722040950667145
412,0.00024808406122918934,412,17304,1,1.89723627493082,-2.1536886453614095,4.719994099068602
413,0.0004805225613384492,413,17346,1,1.8626006192189852,-2.189968035582589,4.729447330194964
414,0.000380001195722401,414,17388,1,1.893563055507746,-2.1678372573378657,4.715538345790481
415,0.0005100788307875765,415,17430,1,1.8879494071416874,-2.178257351684107,4.714657133412576
416,0.0007860759456875893,416,17472,1,1.9038708794217674,-2.1694328308340514,4.705690663036814
417,0.0003163682033578734,417,17514,1,1.9253866798372532,-2.1556322077469376,4.6942114724471065
418,0.00042942400432180244,418,17556,1,1.8923172805861261,-2.1905006001658838,4.703965950584387
419,0.0005048426193470547,419,17598,1,1.908703939672626,-2.1812032833982835,4.694527722252486
420,0.00021041089344687162,420,17640,1,1.9192085617739045,-2.1771222526874316,4.687139256702409
421,0.0007668819712750998,421,17682,1,1.8875006490936332,-2.2107908988152993,4.6963831547782195
422,0.0005347514414809541,422,17724,1,1.9440830752952358,-2.165542415862682,4.670226125984328
423,0.00029153648542523994,423,17766,1,1.9333608652084133,-2.1803348083802074,4.671371289228084
424,0.0004716994595634704,424,17808,1,1.912677245125702,-2.2041558842644813,4.676622154050377
425,0.0003471037817213612,425,17850,1,1.9361489891477035,-2.1883397296533063,4.663320758788294
426,0.0005576357921320517,426,17892,1,1.927659890064262,-2.201209671333879,4.663496502930736
427,0.0007412570103023475,427,17934,1,1.9508191025408634,-2.1856405596527604,4.649801235804944
428,0.0002734292152451384,428,17976,1,1.9663392069787082,-2.1770126354679893,4.639126202811445
429,0.00042897938883968903,429,18018,1,1.9298203765021724,-2.2149074619126505,4.651898453263373
430,0.00047852945653070636,430,18060,1,1.952002281707868,-2.2001031499944403,4.638251432823608
431,0.00020009456911923665,431,18102,1,1.9603732310287652,-2.197737257155317,4.630601169964335
432,0.000750123134847905,432,18144,1,1.9290013374872728,-2.2311592817287313,4.641198725212634
433,0.0005037152233660035,433,18186,1,1.9865265243169707,-2.1846368268153293,4.610278434105539
434,0.0002870546630475921,434,18228,1,1.9742825642352897,-2.2005976223264856,4.612254221176446
435,0.00045531301743261064,435,18270,1,1.9554938368107884,-2.22263425883429,4.617384826655998
436,0.0003375718551792885,436,18312,1,1.9780780576983648,-2.207327533810345,4.602288360517964
437,0.0005294960793967532,437,18354,1,1.9699295129012473,-2.219731439196523,4.602247202000944
438,0.0007255059076451318,438,18396,1,1.9920870463436482,-2.2048371876488906,4.586841880977618
439,0.0002838456755772878,439,18438,1,2.0088282565738163,-2.194919557740819,4.573798203363884
440,0.00040739809264455674,440,18480,1,1.974790507443993,-2.230468624119996,4.587230940914123
441,0.00047022640586650763,441,18522,1,1.9933157559180656,-2.2187101705163337,4.573227290024851
442,0.0002100930448844278,442,18564,1,2.003065909981971,-2.2149095959859397,4.56357272782521
443,0.0007091280840064917,443,18606,1,1.974542211131874,-2.245732588126269,4.574347762417011
444,0.000540464483022303,444,18648,1,2.027628453542683,-2.202818306819019,4.540838537838889
445,0.0002419083824083177,445,18690,1,2.0205507779010983,-2.2139954344944464,4.540110495381171
446,0.0004397951841136719,446,18732,1,1.9920808963558043,-2.244638194422907,4.55133734758175
447,0.0003487024958063496,447,18774,1,2.020108613133386,-2.224141067905037,4.530820081797472
448,0.00043294430357413067,448,18816,1,2.014694403832685,-2.233895437386858,4.5291014635720686
449,0.0007266905131317052,449,18858,1,2.027377026935226,-2.227305302087516,4.516817758101569
450,0.0003365339187168125,450,18900,1,2.052307257441421,-2.2098320007931482,4.496853822927371
451,0.00036062811038402233,451,18942,1,2.0251251714078897,-2.2389976991437806,4.508142092377087
452,0.0004622972208646726,452,18984,1,2.031863947675769,-2.237709550608044,4.4989879795791765
453,0.00026405453580977687,453,19026,1,2.045835003499708,-2.2298917069615563,4.485209532428999
454,0.0006254856743600336,454,19068,1,2.027247076727692,-2.251500272849241,4.491445437889668
455,0.0006175887191960368,455,19110,1,2.0659671722607618,-2.221320858685356,4.461724216527976
456,0.00017826316495518475,456,19152,1,2.0694024947885095,-2.222940383044184,4.453969999062316
457,0.0004169773411198565,457,19194,1,2.023411343615581,-2.269388981266726,4.477949693552919
458,0.0004101459429209707,458,19236,1,2.0614388301432873,-2.2394391989228373,4.44798044257091
459,0.0002598206115737875,459,19278,1,2.064727774869411,-2.241144394491413,4.440129481487741
460,0.0007034230367770026,460,19320,1,2.0503512804283703,-2.258878502989776,4.44397803423517
461,0.00043444462554577087,461,19362,1,2.094422190811306,-2.2237723030951333,4.408193745450328
462,0.0002741907011004745,462,19404,1,2.0789092188121026,-2.2422567597300924,4.412975610090577
463,0.0004169459555091095,463,19446,1,2.0643857004338124,-2.2600554746524018,4.4170471498263275
464,0.00031318838915825304,464,19488,1,2.0851637278948383,-2.245793612400374,4.396492700358738
465,0.0004635221323122968,465,19530,1,2.0776304837242328,-2.2572049675568175,4.395694524412159
466,0.0006827973090365539,466,19572,1,2.0973341010987445,-2.2439180609898584,4.375290039109765
467,0.00030202067767304096,467,19614,1,2.11691236717163,-2.230867379264249,4.354417272761425
468,0.0003536416952070524,468,19656,1,2.0880525483665053,-2.2613977122633138,4.369354596528893
469,0.0004363945748728352,469,19698,1,2.098330768592006,-2.2565653584241785,4.355273519553025
470,0.00024770313416107206,470,19740,1,2.110724855506105,-2.2498211338246237,4.339316146283435
471,0.0005955747064403943,471,19782,1,2.09201261100058,-2.271340162018017,4.346886188523657
472,0.0005936100963490889,472,19824,1,2.1311428718704275,-2.240304407414492,4.309872371424696
473,0.00018428311872381933,473,19866,1,2.134959590392324,-2.2412682433588693,4.299863575362208
474,0.0003937969829551702,474,19908,1,2.092136668635079,-2.2847068275098694,4.326653400542071
475,0.00039905316162253595,475,19950,1,2.1263778116838346,-2.2577726899230046,4.292621133559818
476,0.00020040473179096897,476,19992,1,2.1308638347474567,-2.2580781515971378,4.281832008908937
477,0.0006580274594470617,477,20034,1,2.107362001431369,-2.2839884942315325,4.293729496207918
478,0.0004669576619376069,478,20076,1,2.1588591707511955,-2.2415170360900696,4.243824526665841
479,0.00022537365271958667,479,20118,1,2.1490261634355154,-2.254644766061335,4.244635407352556
480,0.0004012216602484413,480,20160,1,2.1239148055507977,-2.281875757584973,4.2583118439610885
481,0.00032390426077338766,481,20202,1,2.150871386197229,-2.261605293939413,4.227871920895364
482,0.00035363425991679395,482,20244,1,2.1462840374333947,-2.2700765484158074,4.224141978946516
483,0.0006640781397695122,483,20286,1,2.1537617676546956,-2.267607974517085,4.209876609880664
484,0.00034766783707861065,484,20328,1,2.183019353810137,-2.24570768221613,4.1759638096813125
485,0.00029048640763518804,485,20370,1,2.161035517699882,-2.2696311895322405,4.18762596946523
486,0.0003983342976694984,486,20412,1,2.1578503844652857,-2.276806221181914,4.182447174317568
487,0.0002802008238187579,487,20454,1,2.174441251865265,-2.266133757858663,4.15929356475587
488,0.0004662240927265582,488,20496,1,2.16439048168427,-2.2794619332401376,4.160243943567669
489,0.0006309299740916618,489,20538,1,2.18872503464727,-2.2618962416717565,4.129407237290012
490,0.0002758409064982377,490,20580,1,2.2048732625096,-2.251850550674491,4.105625934089846
491,0.0003332304488819954,491,20622,5,2.175756895641919,-2.2820152444867703,4.1245893678351875
492,0.00040219023110250716,492,20664,,2.175756895641919,-2.2820152444867703,4.1245893678351875
493,0.00023717572876556014,493,20706,,2.175756895641919,-2.2820152444867703,4.1245893678351875
494,0.0005405043699739892,494,20748,,2.175756895641919,-2.2820152444867703,4.1245893678351875
495,0.0005751675128288841,495,20790,,2.175756895641919,-2.2820152444867703,4.1245893678351875
496,0.00020632380023805812,496,20832,5,2.2251923200858807,-2.2592284062906454,4.03230692620295
497,0.00035747798432619497,497,20874,,2.2251923200858807,-2.2592284062906454,4.03230692620295
498,0.00038401199278131546,498,20916,,2.2251923200858807,-2.2592284062906454,4.03230692620295
499,0.00018763209334863207,499,20958,,2.2251923200858807,-2.2592284062906454,4.03230692620295
500,0.0005828058923565863,500,21000,,2.2251923200858807,-2.2592284062906454,4.03230692620295
501,0.0005098398797048531,501,21042,5,2.2458503474452924,-2.2620432285301653,3.9639340001077574
502,0.00015080758169549113,502,21084,,2.2458503474452924,-2.2620432285301653,3.9639340001077574
503,0.00036766479509242725,503,21126,,2.2458503474452924,-2.2620432285301653,3.9639340001077574
504,0.0003534723591061865,504,21168,,2.2458503474452924,-2.2620432285301653,3.9639340001077574
505,0.00019091481636720572,505,21210,,2.2458503474452924,-2.2620432285301653,3.9639340001077574
506,0.0006013609742131512,506,21252,5,2.2215898957851756,-2.3040619778899245,3.9408860472162415
507,0.0004447717816370619,507,21294,,2.2215898957851756,-2.3040619778899245,3.9408860472162415
508,0.00018990967451203356,508,21336,,2.2215898957851756,-2.3040619778899245,3.9408860472162415
509,0.0003684930737211006,509,21378,,2.2215898957851756,-2.3040619778899245,3.9408860472162415
510,0.0003187143688636822,510,21420,,2.2215898957851756,-2.3040619778899245,3.9408860472162415
511,0.000257083635130912,511,21462,5,2.26222952862059,-2.2889462417449646,3.8453924562980824
512,0.0006040786626397614,512,21504,,2.26222952862059,-2.2889462417449646,3.8453924562980824
513,0.00038635901598943934,513,21546,,2.26222952862059,-2.2889462417449646,3.8453924562980824
514,0.00021763554286843536,514,21588,,2.26222952862059,-2.2889462417449646,3.8453924562980824
515,0.00036359008059647785,515,21630,,2.26222952862059,-2.2889462417449646,3.8453924562980824
516,0.0002850479027674051,516,21672,5,2.287859447201267,-2.2871035776758077,3.7622893525656833
517,0.00030377177939912823,517,21714,,2.287859447201267,-2.2871035776758077,3.7622893525656833
518,0.0005971573103681507,518,21756,,2.287859447201267,-2.2871035776758077,3.7622893525656833
519,0.0003380554136693739,519,21798,,2.287859447201267,-2.2871035776758077,3.7622893525656833
520,0.00023569034237597684,520,21840,,2.287859447201267,-2.2871035776758077,3.7622893525656833
521,0.00035597300865932677,521,21882,5,2.291113766860917,-2.304380983167543,3.702779411688807
522,0.00026198985303570096,522,21924,,2.291113766860917,-2.304380983167543,3.702779411688807
523,0.00033355146681105364,523,21966,,2.291113766860917,-2.304380983167543,3.702779411688807
524,0.0005857686040492066,524,22008,,2.291113766860917,-2.304380983167543,3.702779411688807
525,0.000315995817211011,525,22050,,2.291113766860917,-2.304380983167543,3.702779411688807
526,0.00024565983163666824,526,22092,5,2.323284208966614,-2.29679553549988,3.6051422256791055
527,0.00034775581386232524,527,22134,,2.323284208966614,-2.29679553549988,3.6051422256791055
528,0.00025277534037540305,528,22176,,2.323284208966614,-2.29679553549988,3.6051422256791055
529,0.0003488223607282536,529,22218,,2.323284208966614,-2.29679553549988,3.6051422256791055
530,0.0005731188945737519,530,22260,,2.323284208966614,-2.29679553549988,3.6051422256791055
531,0.00030185620997621543,531,22302,5,2.3676155684714155,-2.2792893202049225,3.4875566492561543
532,0.00024876308090042014,532,22344,,2.3676155684714155,-2.2792893202049225,3.4875566492561543
533,0.0003400568421312918,533,22386,,2.3676155684714155,-2.2792893202049225,3.4875566492561543
534,0.0002447146186256653,534,22428,,2.3676155684714155,-2.2792893202049225,3.4875566492561543
535,0.00035163258651903326,535,22470,,2.3676155684714155,-2.2792893202049225,3.4875566492561543
536,0.0005610096140682402,536,22512,5,2.368838680142035,-2.2976107088616198,3.4232750927642828
537,0.00029358876701611193,537,22554,,2.368838680142035,-2.2976107088616198,3.4232750927642828
538,0.00024607661239425436,538,22596,,2.368838680142035,-2.2976107088616198,3.4232750927642828
539,0.0003336087226176524,539,22638,,2.368838680142035,-2.2976107088616198,3.4232750927642828
540,0.00023862080917520795,540,22680,,2.368838680142035,-2.2976107088616198,3.4232750927642828
541,0.0003435003236891993,541,22722,5,2.374286556726888,-2.3123050772681513,3.351798920473819
542,0.0005503343525767708,542,22764,,2.374286556726888,-2.3123050772681513,3.351798920473819
543,0.0002910525493268471,543,22806,,2.374286556726888,-2.3123050772681513,3.351798920473819
544,0.00023821966401588608,544,22848,,2.374286556726888,-2.3123050772681513,3.351798920473819
545,0.00032848117502331825,545,22890,,2.374286556726888,-2.3123050772681513,3.351798920473819
546,0.0002343085556943746,546,22932,5,2.407749491493867,-2.3036863461785955,3.2394396381040766
547,0.00032510910581576486,547,22974,,2.407749491493867,-2.3036863461785955,3.2394396381040766
548,0.0005404994273730353,548,23016,,2.407749491493867,-2.3036863461785955,3.2394396381040766
549,0.000293467952570126,549,23058,,2.407749491493867,-2.3036863461785955,3.2394396381040766
550,0.00022534024692175163,550,23100,,2.407749491493867,-2.3036863461785955,3.2394396381040766
551,0.00032405855749757274,551,23142,5,2.4137906559264883,-2.3175954962833405,3.1633009404834445
552,0.0002308089375825902,552,23184,,2.4137906559264883,-2.3175954962833405,3.1633009404834445
553,0.00029686775497838084,553,23226,,2.4137906559264883,-2.3175954962833405,3.1633009404834445
554,0.0005303390961171744,554,23268,,2.4137906559264883,-2.3175954962833405,3.1633009404834445
555,0.00029986359388155183,555,23310,,2.4137906559264883,-2.3175954962833405,3.1633009404834445
556,0.00020737481558928778,556,23352,5,2.446032940467226,-2.309970623434365,3.0478193960243978
557,0.00031945173570393007,557,23394,,2.446032940467226,-2.309970623434365,3.0478193960243978
558,0.00023464408775827027,558,23436,,2.446032940467226,-2.309970623434365,3.0478193960243978
559,0.0002587637499326023,559,23478,,2.446032940467226,-2.309970623434365,3.0478193960243978
560,0.0005178247583667459,560,23520,,2.446032940467226,-2.309970623434365,3.0478193960243978
561,0.000325339620574025,561,23562,5,2.488628085408605,-2.2941894598445587,2.914903247933137
562,0.00018399898288723134,562,23604,,2.488628085408605,-2.2941894598445587,2.914903247933137
563,0.00031322765910827405,563,23646,,2.488628085408605,-2.2941894598445587,2.914903247933137
564,0.00024823908361327595,564,23688,,2.488628085408605,-2.2941894598445587,2.914903247933137
565,0.00021083095341320826,565,23730,,2.488628085408605,-2.2941894598445587,2.914903247933137
566,0.000500368180525889,566,23772,5,2.4741109732445206,-2.3238837068567486,2.864681322229764
567,0.00035697913370218534,567,23814,,2.4741109732445206,-2.3238837068567486,2.864681322229764
568,0.00015517694798997854,568,23856,,2.4741109732445206,-2.3238837068567486,2.864681322229764
569,0.0003040789731569688,569,23898,,2.4741109732445206,-2.3238837068567486,2.864681322229764
570,0.00026134114197312776,570,23940,,2.4741109732445206,-2.3238837068567486,2.864681322229764
571,0.00015332635473905808,571,23982,5,2.5036780211607006,-2.318321578458404,2.7484226919848624
572,0.00047531152927803716,572,24024,,2.5036780211607006,-2.318321578458404,2.7484226919848624
573,0.0003902943167417214,573,24066,,2.5036780211607006,-2.318321578458404,2.7484226919848624
574,0.0001248353793279208,574,24108,,2.5036780211607006,-2.318321578458404,2.7484226919848624
575,0.00029025032909243037,575,24150,,2.5036780211607006,-2.318321578458404,2.7484226919848624
576,0.0002705874453330264,576,24192,5,2.5288405898121504,-2.316113231730358,2.6378659196782026
577,0.00013577187216001323,577,24234,,2.5288405898121504,-2.316113231730358,2.6378659196782026
578,0.0004394414676723941,578,24276,,2.5288405898121504,-2.316113231730358,2.6378659196782026
579,0.00042124269828197505,579,24318,,2.5288405898121504,-2.316113231730358,2.6378659196782026
580,0.0001639324170873641,580,24360,,2.5288405898121504,-2.316113231730358,2.6378659196782026
581,0.00027008346372025394,581,24402,5,2.527433791287568,-2.3347311250600087,2.566914883375131
582,0.0002724417028624977,582,24444,,2.527433791287568,-2.3347311250600087,2.566914883375131
583,0.00016056812729203714,583,24486,,2.527433791287568,-2.3347311250600087,2.566914883375131
584,0.0003904279987386229,584,24528,,2.527433791287568,-2.3347311250600087,2.566914883375131
585,0.0004455128773159056,585,24570,,2.527433791287568,-2.3347311250600087,2.566914883375131
586,0.00020368590708934523,586,24612,5,2.5874839812301125,-2.3046545369960416,2.4036115000811105
587,0.00024209983076450196,587,24654,,2.5874839812301125,-2.3046545369960416,2.4036115000811105
588,0.0002741318933326663,588,24696,,2.5874839812301125,-2.3046545369960416,2.4036115000811105
589,0.00017861951189934662,589,24738,,2.5874839812301125,-2.3046545369960416,2.4036115000811105
590,0.0003263317882033469,590,24780,,2.5874839812301125,-2.3046545369960416,2.4036115000811105
591,0.0004576849159917337,591,24822,5,2.5963236041086244,-2.314894522738835,2.3174661395808087
592,0.0002408868060538698,592,24864,,2.5963236041086244,-2.314894522738835,2.3174661395808087
593,0.00020537521714600036,593,24906,,2.5963236041086244,-2.314894522738835,2.3174661395808087
594,0.00027997893295806254,594,24948,,2.5963236041086244,-2.314894522738835,2.3174661395808087
595,0.0001863987499901346,595,24990,,2.5963236041086244,-2.314894522738835,2.3174661395808087
596,0.00024718611762971986,596,25032,5,2.595627225913025,-2.3325123941154673,2.246155289386355
597,0.00045276274162168713,597,25074,,2.595627225913025,-2.3325123941154673,2.246155289386355
598,0.0002840253630106578,598,25116,,2.595627225913025,-2.3325123941154673,2.246155289386355
599,0.00015994088063340665,599,25158,,2.595627225913025,-2.3325123941154673,2.246155289386355
600,0.0002755184464939772,600,25200,,2.595627225913025,-2.3325123941154673,2.246155289386355
601,0.00021449915051771225,601,25242,5,2.6316545597886365,-2.3209653971146524,2.121260167105494
602,0.00015478028266850748,602,25284,,2.6316545597886365,-2.3209653971146524,2.121260167105494
603,0.00042590917877876515,603,25326,,2.6316545597886365,-2.3209653971146524,2.121260167105494
604,0.0003479311086421899,604,25368,,2.6316545597886365,-2.3209653971146524,2.121260167105494
605,0.00011973276073709238,605,25410,,2.6316545597886365,-2.3209653971146524,2.121260167105494
606,0.00025828647825425796,606,25452,5,2.6206641965957895,-2.346391964160097,2.066770814467219
607,0.00023377683635977884,607,25494,,2.6206641965957895,-2.346391964160097,2.066770814467219
608,0.00012991177306725403,608,25536,,2.6206641965957895,-2.346391964160097,2.066770814467219
609,0.0003741160062100963,609,25578,,2.6206641965957895,-2.346391964160097,2.066770814467219
610,0.0003950514467598769,610,25620,,2.6206641965957895,-2.346391964160097,2.066770814467219
611,0.00017734435189872036,611,25662,5,2.687129338162802,-2.3105064741689296,1.9016451132889725
612,0.00022685190866456514,612,25704,,2.687129338162802,-2.3105064741689296,1.9016451132889725
613,0.00024968358958515923,613,25746,,2.687129338162802,-2.3105064741689296,1.9016451132889725
614,0.00015469987757003032,614,25788,,2.687129338162802,-2.3105064741689296,1.9016451132889725
615,0.0002966197243208437,615,25830,,2.687129338162802,-2.3105064741689296,1.9016451132889725
616,0.00041707293002514684,616,25872,5,2.6971125748757094,-2.31910629595942,1.8198386196170113
617,0.00022692932888176244,617,25914,,2.6971125748757094,-2.31910629595942,1.8198386196170113
618,0.0001811857150032564,618,25956,,2.6971125748757094,-2.31910629595942,1.8198386196170113
619,0.000257802370189988,619,25998,,2.6971125748757094,-2.31910629595942,1.8198386196170113
620,0.00016772497580013848,620,26040,,2.6971125748757094,-2.31910629595942,1.8198386196170113
621,0.00019693160957690072,621,26082,5,2.6964864675440765,-2.335932323949885,1.7542740414430735
622,0.00040721907491354553,622,26124,,2.6964864675440765,-2.335932323949885,1.7542740414430735
623,0.0002922087794141605,623,26166,,2.6964864675440765,-2.335932323949885,1.7542740414430735
624,0.00012338923975368436,624,26208,,2.6964864675440765,-2.335932323949885,1.7542740414430735
625,0.0002473896204670728,625,26250,,2.6964864675440765,-2.335932323949885,1.7542740414430735
626,0.000203237369961356,626,26292,5,2.7319569438259346,-2.3240895729771482,1.6416238159715082
627,0.00011835292143072554,627,26334,,2.7319569438259346,-2.3240895729771482,1.6416238159715082
628,0.0003611772148168863,628,26376,,2.7319569438259346,-2.3240895729771482,1.6416238159715082
629,0.00035684873319682356,629,26418,,2.7319569438259346,-2.3240895729771482,1.6416238159715082
630,0.0001567265778769731,630,26460,,2.7319569438259346,-2.3240895729771482,1.6416238159715082
631,0.00021683559917326284,631,26502,5,2.735765095754704,-2.3371137307498744,1.5737480898701746
632,0.00023123666208159604,632,26544,,2.735765095754704,-2.3371137307498744,1.5737480898701746
633,0.00013638858906110099,633,26586,,2.735765095754704,-2.3371137307498744,1.5737480898701746
634,0.00027960101936341894,634,26628,,2.735765095754704,-2.3371137307498744,1.5737480898701746
635,0.0003872313267339829,635,26670,,2.735765095754704,-2.3371137307498744,1.5737480898701746
636,0.0002138916544107292,636,26712,5,2.7901078331465916,-2.3100458142313096,1.4442019252940401
637,0.00016714800040977014,637,26754,,2.7901078331465916,-2.3100458142313096,1.4442019252940401
638,0.00024129118986932098,638,26796,,2.7901078331465916,-2.3100458142313096,1.4442019252940401
639,0.00015535922737752104,639,26838,,2.7901078331465916,-2.3100458142313096,1.4442019252940401
640,0.00016931077018124242,640,26880,,2.7901078331465916,-2.3100458142313096,1.4442019252940401
641,0.00037440934806293316,641,26922,5,2.7803381550191557,-2.333537696116888,1.3976092721929576
642,0.0002885083315265654,642,26964,,2.7803381550191557,-2.333537696116888,1.3976092721929576
643,0.00010259203111171011,643,27006,,2.7803381550191557,-2.333537696116888,1.3976092721929576
644,0.0002266042245849085,644,27048,,2.7803381550191557,-2.333537696116888,1.3976092721929576
645,0.0001992085157689236,645,27090,,2.7803381550191557,-2.333537696116888,1.3976092721929576
646,0.00011944937463569824,646,27132,5,2.807099234185461,-2.327999687710627,1.3090767093406244
647,0.0003153635360478787,647,27174,,2.807099234185461,-2.327999687710627,1.3090767093406244
648,0.00034945999341847166,648,27216,,2.807099234185461,-2.327999687710627,1.3090767093406244
649,0.000172121772207137,649,27258,,2.807099234185461,-2.327999687710627,1.3090767093406244
650,0.00018689254992548305,650,27300,,2.807099234185461,-2.327999687710627,1.3090767093406244
651,0.00022534868055379886,651,27342,5,2.825511485063814,-2.328911172955789,1.2336582082143703
652,0.00013328069510863235,652,27384,,2.825511485063814,-2.328911172955789,1.2336582082143703
653,0.00021516314072945488,653,27426,,2.825511485063814,-2.328911172955789,1.2336582082143703
654,0.0003631312226565783,654,27468,,2.825511485063814,-2.328911172955789,1.2336582082143703
655,0.00023437697589519544,655,27510,,2.825511485063814,-2.328911172955789,1.2336582082143703
656,0.0001260688745277883,656,27552,5,2.8544257133162563,-2.321383122716422,1.1499925457886007
657,0.00022325550512361514,657,27594,,2.8544257133162563,-2.321383122716422,1.1499925457886007
658,0.0001733112721785621,658,27636,,2.8544257133162563,-2.321383122716422,1.1499925457886007
659,0.00010727200320493911,659,27678,,2.8544257133162563,-2.321383122716422,1.1499925457886007
660,0.00032237599706884965,660,27720,,2.8544257133162563,-2.321383122716422,1.1499925457886007
661,0.00031491756464895705,661,27762,5,2.8865228948376416,-2.3111844937093315,1.0672216600033213
662,0.00014441197303656462,662,27804,,2.8865228948376416,-2.3111844937093315,1.0672216600033213
663,0.00019123204156495764,663,27846,,2.8865228948376416,-2.3111844937093315,1.0672216600033213
664,0.00020971167425990172,664,27888,,2.8865228948376416,-2.3111844937093315,1.0672216600033213
665,0.0001259085244872095,665,27930,,2.8865228948376416,-2.3111844937093315,1.0672216600033213
666,0.0002306504899012141,666,27972,5,2.873441109642873,-2.3365951306746244,1.0330517601611897
667,0.0003449867085714882,667,28014,,2.873441109642873,-2.3365951306746244,1.0330517601611897
668,0.00020495824322240477,668,28056,,2.873441109642873,-2.3365951306746244,1.0330517601611897
669,0.0001331813947560701,669,28098,,2.873441109642873,-2.3365951306746244,1.0330517601611897
670,0.0002149866669086979,670,28140,,2.873441109642873,-2.3365951306746244,1.0330517601611897
671,0.00015783605457086642,671,28182,5,2.9131585070984323,-2.3200762849163152,0.9494373707087198
672,0.00010405562935631628,672,28224,,2.9131585070984323,-2.3200762849163152,0.9494373707087198
673,0.0003139474436541581,673,28266,,2.9131585070984323,-2.3200762849163152,0.9494373707087198
674,0.00029241196311416195,674,28308,,2.9131585070984323,-2.3200762849163152,0.9494373707087198
675,0.00013181333111592517,675,28350,,2.9131585070984323,-2.3200762849163152,0.9494373707087198
676,0.00018634387561153288,676,28392,5,2.9164923185556306,-2.332342620411693,0.9035845835066829
677,0.00019886137435011245,677,28434,,2.9164923185556306,-2.332342620411693,0.9035845835066829
678,0.00012099150678264204,678,28476,,2.9164923185556306,-2.332342620411693,0.9035845835066829
679,0.00022460685724084956,679,28518,,2.9164923185556306,-2.332342620411693,0.9035845835066829
680,0.00032812808553695297,680,28560,,2.9164923185556306,-2.332342620411693,0.9035845835066829
681,0.00019547224980225953,681,28602,5,2.969060752655191,-2.3052476989175656,0.817506818796865
682,0.00012809452356069248,682,28644,,2.969060752655191,-2.3052476989175656,0.817506818796865
683,0.0002055284972085595,683,28686,,2.969060752655191,-2.3052476989175656,0.817506818796865
684,0.0001530075209964576,684,28728,,2.969060752655191,-2.3052476989175656,0.817506818796865
685,9.846801617794155e-05,685,28770,,2.969060752655191,-2.3052476989175656,0.817506818796865
686,0.0002964330765982271,686,28812,5,2.9477972911240284,-2.337346464587921,0.7972518552667962
687,0.0002829547583832038,687,28854,,2.9477972911240284,-2.337346464587921,0.7972518552667962
688,0.0001326328398585341,688,28896,,2.9477972911240284,-2.337346464587921,0.7972518552667962
689,0.00017494728468622265,689,28938,,2.9477972911240284,-2.337346464587921,0.7972518552667962
690,0.00019305082823262867,690,28980,,2.9477972911240284,-2.337346464587921,0.7972518552667962
691,0.00011851105060007279,691,29022,5,2.991469912834121,-2.316503551140032,0.7258150520210469
692,0.00020176959707581303,692,29064,,2.991469912834121,-2.316503551140032,0.7258150520210469
693,0.0003133449477288752,693,29106,,2.991469912834121,-2.316503551140032,0.7258150520210469
694,0.0001992799466478651,694,29148,,2.991469912834121,-2.316503551140032,0.7258150520210469
695,0.00011303094656458377,695,29190,,2.991469912834121,-2.316503551140032,0.7258150520210469
696,0.0001950079482612185,696,29232,5,2.993801077327688,-2.3296945376821157,0.6903000007654616
697,0.00015670754629009808,697,29274,,2.993801077327688,-2.3296945376821157,0.6903000007654616
698,0.00010076819973509265,698,29316,,2.993801077327688,-2.3296945376821157,0.6903000007654616
699,0.00027037286448416265,699,29358,,2.993801077327688,-2.3296945376821157,0.6903000007654616
700,0.0002827679463701067,700,29400,,2.993801077327688,-2.3296945376821157,0.6903000007654616
701,0.000143756469782747,701,29442,5,3.04527157870083,-2.302102098424665,0.6216716021614352
702,0.00015718211137420469,702,29484,,3.04527157870083,-2.302102098424665,0.6216716021614352
703,0.00018993816429243652,703,29526,,3.04527157870083,-2.302102098424665,0.6216716021614352
704,0.00011720245278814166,704,29568,,3.04527157870083,-2.302102098424665,0.6216716021614352
705,0.00016342298646448758,705,29610,,3.04527157870083,-2.302102098424665,0.6216716021614352
706,0.0002965493036205132,706,29652,5,3.0471945769106235,-2.315170851137111,0.5907282164783729
707,0.00021950299740263363,707,29694,,3.0471945769106235,-2.315170851137111,0.5907282164783729
708,8.879219639268795e-05,708,29736,,3.0471945769106235,-2.315170851137111,0.5907282164783729
709,0.00018103384907775,709,29778,,3.0471945769106235,-2.315170851137111,0.5907282164783729
710,0.00016517840480193772,710,29820,,3.0471945769106235,-2.315170851137111,0.5907282164783729
711,0.00010529776590004013,711,29862,5,3.0679484388660545,-2.312709485613503,0.5495132669257159
712,0.00023255855309542352,712,29904,,3.0679484388660545,-2.312709485613503,0.5495132669257159
713,0.00028462211822234364,713,29946,,3.0679484388660545,-2.312709485613503,0.5495132669257159
714,0.00016091708820479208,714,29988,,3.0679484388660545,-2.312709485613503,0.5495132669257159
715,0.00013161544917248785,715,30030,,3.0679484388660545,-2.312709485613503,0.5495132669257159
716,0.00018526592367984092,716,30072,5,3.080864166777931,-2.3169124218376838,0.5156045252993451
717,0.00012783855505901065,717,30114,,3.080864166777931,-2.3169124218376838,0.5156045252993451
718,0.00010962914416134915,718,30156,,3.080864166777931,-2.3169124218376838,0.5156045252993451
719,0.00027050377341576953,719,30198,,3.080864166777931,-2.3169124218376838,0.5156045252993451
720,0.0002442380240513943,720,30240,,3.080864166777931,-2.3169124218376838,0.5156045252993451
721,0.00011522350101905202,721,30282,5,3.1213791867448917,-2.2972702510650325,0.4680632154435149
722,0.00015998661625150743,722,30324,,3.1213791867448917,-2.2972702510650325,0.4680632154435149
723,0.0001732140539603247,723,30366,,3.1213791867448917,-2.2972702510650325,0.4680632154435149
724,0.00010938568338705072,724,30408,,3.1213791867448917,-2.2972702510650325,0.4680632154435149
725,0.00017880054825376407,725,30450,,3.1213791867448917,-2.2972702510650325,0.4680632154435149
726,0.00027861709781879776,726,30492,5,3.131442873045221,-2.303495764540803,0.440122045326905
727,0.00018669571247213935,727,30534,,3.131442873045221,-2.303495764540803,0.440122045326905
728,9.679112000632767e-05,728,30576,,3.131442873045221,-2.303495764540803,0.440122045326905
729,0.00017360158707508037,729,30618,,3.131442873045221,-2.303495764540803,0.440122045326905
730,0.00014950649378543088,730,30660,,3.131442873045221,-2.303495764540803,0.440122045326905
731,9.802764909163687e-05,731,30702,5,3.1459217531469905,-2.3060659253295324,0.4116548538020175
732,0.00022698234164502233,732,30744,,3.1459217531469905,-2.3060659253295324,0.4116548538020175
733,0.00026237925934399135,733,30786,,3.1459217531469905,-2.3060659253295324,0.4116548538020175
734,0.00014694954493244526,734,30828,,3.1459217531469905,-2.3060659253295324,0.4116548538020175
735,0.00012828441454909337,735,30870,,3.1459217531469905,-2.3060659253295324,0.4116548538020175
736,0.00017416534761946273,736,30912,5,3.161280833611527,-2.307888924176595,0.38453896510931296
737,0.00011899665534279615,737,30954,,3.161280833611527,-2.307888924176595,0.38453896510931296
738,0.00010725821308240611,738,30996,,3.161280833611527,-2.307888924176595,0.38453896510931296
739,0.00025333600796885886,739,31038,,3.161280833611527,-2.307888924176595,0.38453896510931296
740,0.00022898733551900943,740,31080,,3.161280833611527,-2.307888924176595,0.38453896510931296
741,0.00011112926315776645,741,31122,5,3.1998132180866374,-2.2889391715886194,0.348811919972178
742,0.00014951599639531299,742,31164,,3.1998132180866374,-2.2889391715886194,0.348811919972178
743,0.0001644222179662766,743,31206,,3.1998132180866374,-2.2889391715886194,0.348811919972178
744,0.00010525868876226765,744,31248,,3.1998132180866374,-2.2889391715886194,0.348811919972178
745,0.00016027828702879003,745,31290,,3.1998132180866374,-2.2889391715886194,0.348811919972178
746,0.00026012108379053927,746,31332,5,3.208600564494234,-2.29618135511824,0.32819340494972327
747,0.00018562666722241747,747,31374,,3.208600564494234,-2.29618135511824,0.32819340494972327
748,8.448298213702127e-05,748,31416,,3.208600564494234,-2.29618135511824,0.32819340494972327
749,0.00016094204670366583,749,31458,,3.208600564494234,-2.29618135511824,0.32819340494972327
750,0.00014748005177702528,750,31500,,3.208600564494234,-2.29618135511824,0.32819340494972327
751,9.727809844050449e-05,751,31542,5,3.2260768173530066,-2.295762717013083,0.30542254585432316
752,0.0001991903655156603,752,31584,,3.2260768173530066,-2.295762717013083,0.30542254585432316
753,0.00025132517105112655,753,31626,,3.2260768173530066,-2.295762717013083,0.30542254585432316
754,0.0001500189201356403,754,31668,,3.2260768173530066,-2.295762717013083,0.30542254585432316
755,0.00010965709455310323,755,31710,,3.2260768173530066,-2.295762717013083,0.30542254585432316
756,0.00016394407920340063,756,31752,5,3.237001625885653,-2.3014433413142705,0.28665417714123986
757,0.00012631162040568027,757,31794,,3.237001625885653,-2.3014433413142705,0.28665417714123986
758,8.709833738455345e-05,758,31836,,3.237001625885653,-2.3014433413142705,0.28665417714123986
759,0.00022408291078005398,759,31878,,3.237001625885653,-2.3014433413142705,0.28665417714123986
760,0.0002314707128114396,760,31920,,3.237001625885653,-2.3014433413142705,0.28665417714123986
761,0.00012523312737529498,761,31962,5,3.280022952362926,-2.27740422632109,0.257851501447119
762,0.00012826317822215116,762,32004,,3.280022952362926,-2.27740422632109,0.257851501447119
763,0.00016031839972068863,763,32046,,3.280022952362926,-2.27740422632109,0.257851501447119
764,0.00010343246841842321,764,32088,,3.280022952362926,-2.27740422632109,0.257851501447119
765,0.00011443683811923433,765,32130,,3.280022952362926,-2.27740422632109,0.257851501447119
766,0.0002365232354083286,766,32172,5,3.278349161286549,-2.294276960945635,0.24587963461409368
767,0.00020483340931226276,767,32214,,3.278349161286549,-2.294276960945635,0.24587963461409368
768,9.992161798537847e-05,768,32256,,3.278349161286549,-2.294276960945635,0.24587963461409368
769,0.00014068498012799867,769,32298,,3.278349161286549,-2.294276960945635,0.24587963461409368
770,0.00015195719550184023,770,32340,,3.278349161286549,-2.294276960945635,0.24587963461409368
771,9.93293480051396e-05,771,32382,5,3.306845376818962,-2.2830885566955725,0.22520846211263912
772,0.0001483205117904725,772,32424,,3.306845376818962,-2.2830885566955725,0.22520846211263912
773,0.0002388776015336424,773,32466,,3.306845376818962,-2.2830885566955725,0.22520846211263912
774,0.00017502772257314896,774,32508,,3.306845376818962,-2.2830885566955725,0.22520846211263912
775,7.630823862749477e-05,775,32550,,3.306845376818962,-2.2830885566955725,0.22520846211263912
776,0.0001477551860452624,776,32592,5,3.3061719274716905,-2.2999847591765974,0.21472829705096474
777,0.00014060806222150737,777,32634,,3.3061719274716905,-2.2999847591765974,0.21472829705096474
778,9.406836003773168e-05,778,32676,,3.3061719274716905,-2.2999847591765974,0.21472829705096474
779,0.00017379589683761272,779,32718,,3.3061719274716905,-2.2999847591765974,0.21472829705096474
780,0.00023374029446602342,780,32760,,3.3061719274716905,-2.2999847591765974,0.21472829705096474
781,0.0001469517906906436,781,32802,5,3.3593898394599555,-2.264806207983686,0.18993771074901122
782,9.287402451807224e-05,782,32844,,3.3593898394599555,-2.264806207983686,0.18993771074901122
783,0.00015050820025937255,783,32886,,3.3593898394599555,-2.264806207983686,0.18993771074901122
784,0.00012774973541274914,784,32928,,3.3593898394599555,-2.264806207983686,0.18993771074901122
785,8.796499453456847e-05,785,32970,,3.3593898394599555,-2.264806207983686,0.18993771074901122
786,0.00019160745078740003,786,33012,5,3.350096338487708,-2.2892703658272193,0.18313372604618117
787,0.00022355531362377033,787,33054,,3.350096338487708,-2.2892703658272193,0.18313372604618117
788,0.0001323863541500854,788,33096,,3.350096338487708,-2.2892703658272193,0.18313372604618117
789,0.00010569287346944638,789,33138,,3.350096338487708,-2.2892703658272193,0.18313372604618117
790,0.00015002242213103833,790,33180,,3.350096338487708,-2.2892703658272193,0.18313372604618117
791,0.00011455617369633553,791,33222,5,3.3854545661965263,-2.2705379088384485,0.16585539295512497
792,8.16287612135801e-05,792,33264,,3.3854545661965263,-2.2705379088384485,0.16585539295512497
793,0.00020292809450178135,793,33306,,3.3854545661965263,-2.2705379088384485,0.16585539295512497
794,0.00021045760667751762,794,33348,,3.3854545661965263,-2.2705379088384485,0.16585539295512497
795,0.00011803732435352633,795,33390,,3.3854545661965263,-2.2705379088384485,0.16585539295512497
796,0.00011513952004578557,796,33432,5,3.398073089979458,-2.2739697913542107,0.15511037429166574
797,0.0001472920940488293,797,33474,,3.398073089979458,-2.2739697913542107,0.15511037429166574
798,0.00010188388067018531,798,33516,,3.398073089979458,-2.2739697913542107,0.15511037429166574
799,9.28560499345486e-05,799,33558,,3.398073089979458,-2.2739697913542107,0.15511037429166574
800,0.00020908128405724874,800,33600,,3.398073089979458,-2.2739697913542107,0.15511037429166574
801,0.0001961523873526671,801,33642,5,3.4341897293873402,-2.254540355607859,0.14027438438764595
802,0.00010468297363730609,802,33684,,3.4341897293873402,-2.254540355607859,0.14027438438764595
803,0.00012171064883519992,803,33726,,3.4341897293873402,-2.254540355607859,0.14027438438764595
804,0.0001431809605612546,804,33768,,3.4341897293873402,-2.254540355607859,0.14027438438764595
805,9.473086992530728e-05,805,33810,,3.4341897293873402,-2.254540355607859,0.14027438438764595
806,0.00011052847583617355,806,33852,5,3.430754420503776,-2.2734835572418937,0.13420686237741064
807,0.00021135920128970934,807,33894,,3.430754420503776,-2.2734835572418937,0.13420686237741064
808,0.00018192481743067166,808,33936,,3.430754420503776,-2.2734835572418937,0.13420686237741064
809,9.280942025858673e-05,809,33978,,3.430754420503776,-2.2734835572418937,0.13420686237741064
810,0.00012594524798409596,810,34020,,3.430754420503776,-2.2734835572418937,0.13420686237741064
811,0.00013840150862157006,811,34062,5,3.4581198500315757,-2.2618806468868446,0.1227686509688608
812,9.262982742477652e-05,812,34104,,3.4581198500315757,-2.2618806468868446,0.1227686509688608
813,0.0001239508167160969,813,34146,,3.4581198500315757,-2.2618806468868446,0.1227686509688608
814,0.00021092425082179007,814,34188,,3.4581198500315757,-2.2618806468868446,0.1227686509688608
815,0.00016869073222321732,815,34230,,3.4581198500315757,-2.2618806468868446,0.1227686509688608
816,8.26925383000169e-05,816,34272,5,3.485502346244157,-2.2502901606521526,0.1122869089858547
817,0.00012834491404206254,817,34314,,3.485502346244157,-2.2502901606521526,0.1122869089858547
818,0.00013349511015188804,818,34356,,3.485502346244157,-2.2502901606521526,0.1122869089858547
819,9.040209970166677e-05,819,34398,,3.485502346244157,-2.2502901606521526,0.1122869089858547
820,0.000133630286909256,820,34440,,3.485502346244157,-2.2502901606521526,0.1122869089858547
821,0.00020874576761089142,821,34482,5,3.4978942204457635,-2.25339229648982,0.10495994239661499
822,0.00015705632172021916,822,34524,,3.4978942204457635,-2.25339229648982,0.10495994239661499
823,7.445046080046383e-05,823,34566,,3.4978942204457635,-2.25339229648982,0.10495994239661499
824,0.00012935534138413333,824,34608,,3.4978942204457635,-2.25339229648982,0.10495994239661499
825,0.00012886293044101857,825,34650,,3.4978942204457635,-2.25339229648982,0.10495994239661499
826,8.825713614427213e-05,826,34692,5,3.515734257204964,-2.2510108227746253,0.09731536157427856
827,0.00014008954597727,827,34734,,3.515734257204964,-2.2510108227746253,0.09731536157427856
828,0.0002055879559895953,828,34776,,3.515734257204964,-2.2510108227746253,0.09731536157427856
829,0.00014738388510087918,829,34818,,3.515734257204964,-2.2510108227746253,0.09731536157427856
830,7.085564574221974e-05,830,34860,,3.515734257204964,-2.2510108227746253,0.09731536157427856
831,0.00012934474376764354,831,34902,5,3.518177160309988,-2.2647843945507073,0.092416927639412
832,0.00012478052038077735,832,34944,,3.518177160309988,-2.2647843945507073,0.092416927639412
833,8.633833306063215e-05,833,34986,,3.518177160309988,-2.2647843945507073,0.092416927639412
834,0.00014381227354395363,834,35028,,3.518177160309988,-2.2647843945507073,0.092416927639412
835,0.00020201425347142585,835,35070,,3.518177160309988,-2.2647843945507073,0.092416927639412
836,0.00013985664767391818,836,35112,5,3.565366728262856,-2.2318549833492503,0.08186462284706941
837,7.345465366232707e-05,837,35154,,3.565366728262856,-2.2318549833492503,0.08186462284706941
838,0.00012859154985473705,838,35196,,3.565366728262856,-2.2318549833492503,0.08186462284706941
839,0.00012141303437658392,839,35238,,3.565366728262856,-2.2318549833492503,0.08186462284706941
840,8.473324403253846e-05,840,35280,,3.565366728262856,-2.2318549833492503,0.08186462284706941
841,0.0001452019026749463,841,35322,5,3.560231542736957,-2.252700259891823,0.07860132679617626
842,0.0001983970877716799,842,35364,,3.560231542736957,-2.252700259891823,0.07860132679617626
843,0.00013452052977566594,843,35406,,3.560231542736957,-2.252700259891823,0.07860132679617626
844,7.455206689712105e-05,844,35448,,3.560231542736957,-2.252700259891823,0.07860132679617626
845,0.00012729446834262373,845,35490,,3.560231542736957,-2.252700259891823,0.07860132679617626
846,0.0001188432361448097,846,35532,5,3.5894658745765198,-2.2377689860296233,0.07152193393998285
847,8.348799345406421e-05,847,35574,,3.5894658745765198,-2.2377689860296233,0.07152193393998285
848,0.0001445711615432912,848,35616,,3.5894658745765198,-2.2377689860296233,0.07152193393998285
849,0.0001949561058387283,849,35658,,3.5894658745765198,-2.2377689860296233,0.07152193393998285
850,0.00013133274539501867,850,35700,,3.5894658745765198,-2.2377689860296233,0.07152193393998285
851,7.428493094096265e-05,851,35742,5,3.6084541702913087,-2.233499321668615,0.0661333734334999
852,0.000125570084571899,852,35784,,3.6084541702913087,-2.233499321668615,0.0661333734334999
853,0.00011707977719287353,853,35826,,3.6084541702913087,-2.233499321668615,0.0661333734334999
854,8.260750121047815e-05,854,35868,,3.6084541702913087,-2.233499321668615,0.0661333734334999
855,0.00014213513881893838,855,35910,,3.6084541702913087,-2.233499321668615,0.0661333734334999
856,0.00019176681992251604,856,35952,5,3.628535793500454,-2.227925063018595,0.06103244792529505
857,0.00013018043281280372,857,35994,,3.628535793500454,-2.227925063018595,0.06103244792529505
858,7.275831841442053e-05,858,36036,,3.628535793500454,-2.227925063018595,0.06103244792529505
859,0.0001234660083359961,859,36078,,3.628535793500454,-2.227925063018595,0.06103244792529505
860,0.00011607438665868253,860,36120,,3.628535793500454,-2.227925063018595,0.06103244792529505
861,8.206784265639682e-05,861,36162,5,3.641093192380665,-2.2300487873358183,0.057000958844998895
862,0.00013801547663169376,862,36204,,3.641093192380665,-2.2300487873358183,0.057000958844998895
863,0.00018878381651352719,863,36246,,3.641093192380665,-2.2300487873358183,0.057000958844998895
864,0.00013089314378518906,864,36288,,3.641093192380665,-2.2300487873358183,0.057000958844998895
865,7.004976437958044e-05,865,36330,,3.641093192380665,-2.2300487873358183,0.057000958844998895
866,0.0001209694520635727,866,36372,5,3.6459074907756297,-2.240686351435644,0.05395074046326398
867,0.0001157302720307238,867,36414,,3.6459074907756297,-2.240686351435644,0.05395074046326398
868,8.181748723929372e-05,868,36456,,3.6459074907756297,-2.240686351435644,0.05395074046326398
869,0.00013225591446591815,869,36498,,3.6459074907756297,-2.240686351435644,0.05395074046326398
870,0.0001858586901789511,870,36540,,3.6459074907756297,-2.240686351435644,0.05395074046326398
871,0.00013325341849393203,871,36582,5,3.688464787753266,-2.210554492804346,0.04793423803047858
872,6.621028254552599e-05,872,36624,,3.688464787753266,-2.210554492804346,0.04793423803047858
873,0.00011801218452900825,873,36666,,3.688464787753266,-2.210554492804346,0.04793423803047858
874,0.00011590264971121324,874,36708,,3.688464787753266,-2.210554492804346,0.04793423803047858
875,8.177871546373967e-05,875,36750,,3.688464787753266,-2.210554492804346,0.04793423803047858
876,0.00012483728426540729,876,36792,5,3.6850200038145315,-2.229286565852477,0.045970251435774934
877,0.0001827484670842293,877,36834,,3.6850200038145315,-2.229286565852477,0.045970251435774934
878,0.0001369888640714312,878,36876,,3.6850200038145315,-2.229286565852477,0.045970251435774934
879,6.917902399940612e-05,879,36918,,3.6850200038145315,-2.229286565852477,0.045970251435774934
880,0.00011448595622696489,880,36960,,3.6850200038145315,-2.229286565852477,0.045970251435774934
881,0.00011640697887158204,881,37002,5,3.71075171757375,-2.216586762062185,0.04197058679879895
882,8.185224353792964e-05,882,37044,,3.71075171757375,-2.216586762062185,0.04197058679879895
883,0.00011570353919895136,883,37086,,3.71075171757375,-2.216586762062185,0.04197058679879895
884,0.00017913742226854148,884,37128,,3.71075171757375,-2.216586762062185,0.04197058679879895
885,0.00014177154538879533,885,37170,,3.71075171757375,-2.216586762062185,0.04197058679879895
886,7.444501366990045e-05,886,37212,5,3.7331814503377587,-2.20743423470136,0.03853063674228574
887,0.00011024924275424029,887,37254,,3.7331814503377587,-2.20743423470136,0.03853063674228574
888,0.00011701630929992327,888,37296,,3.7331814503377587,-2.20743423470136,0.03853063674228574
889,8.191429480834798e-05,889,37338,,3.7331814503377587,-2.20743423470136,0.03853063674228574
890,0.00010478778191311024,890,37380,,3.7331814503377587,-2.20743423470136,0.03853063674228574
891,0.00017464548465588172,891,37422,5,3.742676918178223,-2.2120011259741603,0.036159664942454484
892,0.0001472053302556634,892,37464,,3.742676918178223,-2.2120011259741603,0.036159664942454484
893,8.053718801191488e-05,893,37506,,3.742676918178223,-2.2120011259741603,0.036159664942454484
894,0.00010514344603129868,894,37548,,3.742676918178223,-2.2120011259741603,0.036159664942454484
895,0.0001174667354207279,895,37590,,3.742676918178223,-2.2120011259741603,0.036159664942454484
896,8.182192021162528e-05,896,37632,5,3.762287231675297,-2.2054780785891595,0.03334107094595273
897,9.204283701592483e-05,897,37674,,3.762287231675297,-2.2054780785891595,0.03334107094595273
898,0.000168849297351232,898,37716,,3.762287231675297,-2.2054780785891595,0.03334107094595273
899,0.00015281701201353358,899,37758,,3.762287231675297,-2.2054780785891595,0.03334107094595273
900,8.722325121022207e-05,900,37800,,3.762287231675297,-2.2054780785891595,0.03334107094595273
901,9.90072732302913e-05,901,37842,5,3.7718072946802828,-2.209904669263114,0.03129456525844887
902,0.00011746017218912128,902,37884,,3.7718072946802828,-2.209904669263114,0.03129456525844887
903,8.278336566368576e-05,903,37926,,3.7718072946802828,-2.209904669263114,0.03129456525844887
904,7.74775500574605e-05,904,37968,,3.7718072946802828,-2.209904669263114,0.03129456525844887
905,0.00016130651548793514,905,38010,,3.7718072946802828,-2.209904669263114,0.03129456525844887
906,0.00015805152665667068,906,38052,5,3.803040992456557,-2.1903499657941503,0.028250784446228305
907,9.421334359913096e-05,907,38094,,3.803040992456557,-2.1903499657941503,0.028250784446228305
908,9.169437690580132e-05,908,38136,,3.803040992456557,-2.1903499657941503,0.028250784446228305
909,0.00011667093763945277,909,38178,,3.803040992456557,-2.1903499657941503,0.028250784446228305
910,8.926934376242864e-05,910,38220,,3.803040992456557,-2.1903499657941503,0.028250784446228305
911,6.91437399149377e-05,911,38262,5,3.805346860667136,-2.2022394551196753,0.026853809148162266
912,0.00015158827392902787,912,38304,,3.805346860667136,-2.2022394551196753,0.026853809148162266
913,0.00016227122210834652,913,38346,,3.805346860667136,-2.2022394551196753,0.026853809148162266
914,0.00010114769024179497,914,38388,,3.805346860667136,-2.2022394551196753,0.026853809148162266
915,8.309771837027212e-05,915,38430,,3.805346860667136,-2.2022394551196753,0.026853809148162266
916,0.00011476007760143115,916,38472,5,3.819948053865937,-2.2006081550914964,0.02496976360834635
917,9.55521974554263e-05,917,38514,,3.819948053865937,-2.2006081550914964,0.02496976360834635
918,7.206305078964964e-05,918,38556,,3.819948053865937,-2.2006081550914964,0.02496976360834635
919,0.0001393246001354012,919,38598,,3.819948053865937,-2.2006081550914964,0.02496976360834635
920,0.00016476991609340062,920,38640,,3.819948053865937,-2.2006081550914964,0.02496976360834635
921,0.00010759438664504004,921,38682,5,3.8519175069288147,-2.179550333866113,0.022478967196429167
922,7.317243521857549e-05,922,38724,,3.8519175069288147,-2.179550333866113,0.022478967196429167
923,0.0001113908736315636,923,38766,,3.8519175069288147,-2.179550333866113,0.022478967196429167
924,0.00010121522855569131,924,38808,,3.8519175069288147,-2.179550333866113,0.022478967196429167
925,7.457541665685451e-05,925,38850,,3.8519175069288147,-2.179550333866113,0.022478967196429167
926,0.0001242556359235801,926,38892,5,3.849591481033044,-2.1963850555273914,0.02156331709863224
927,0.00016479715415947075,927,38934,,3.849591481033044,-2.1963850555273914,0.02156331709863224
928,0.00011722488644019997,928,38976,,3.849591481033044,-2.1963850555273914,0.02156331709863224
929,6.196613624486472e-05,929,39018,,3.849591481033044,-2.1963850555273914,0.02156331709863224
930,0.00010625665648301637,930,39060,,3.849591481033044,-2.1963850555273914,0.02156331709863224
931,0.00010578888424520342,931,39102,5,3.8734139320064522,-2.1837066642498097,0.0196880603051115
932,7.641755901063553e-05,932,39144,,3.8734139320064522,-2.1837066642498097,0.0196880603051115
933,0.00010629392212626367,933,39186,,3.8734139320064522,-2.1837066642498097,0.0196880603051115
934,0.00016160582593537347,934,39228,,3.8734139320064522,-2.1837066642498097,0.0196880603051115
935,0.00013100764672906216,935,39270,,3.8734139320064522,-2.1837066642498097,0.0196880603051115
936,7.278706167600213e-05,936,39312,5,3.8937320442952372,-2.174975703832167,0.018093789215908984
937,9.91112637215994e-05,937,39354,,3.8937320442952372,-2.174975703832167,0.018093789215908984
938,0.0001087673043384968,938,39396,,3.8937320442952372,-2.174975703832167,0.018093789215908984
939,7.731089071837654e-05,939,39438,,3.8937320442952372,-2.174975703832167,0.018093789215908984
940,8.558772328134552e-05,940,39480,,3.8937320442952372,-2.174975703832167,0.018093789215908984
941,0.00015451782141501395,941,39522,5,3.8996976710859865,-2.1822323812593707,0.017091916341862134
942,0.00014264851302007482,942,39564,,3.8996976710859865,-2.1822323812593707,0.017091916341862134
943,8.473500335081131e-05,943,39606,,3.8996976710859865,-2.1822323812593707,0.017091916341862134
944,8.980953095510822e-05,944,39648,,3.8996976710859865,-2.1822323812593707,0.017091916341862134
945,0.00010963949244680981,945,39690,,3.8996976710859865,-2.1822323812593707,0.017091916341862134
946,8.249163075729139e-05,946,39732,5,3.9204815148197536,-2.1725066795662693,0.015683364365758568
947,6.564776553755905e-05,947,39774,,3.9204815148197536,-2.1725066795662693,0.015683364365758568
948,0.00014301315821834622,948,39816,,3.9204815148197536,-2.1725066795662693,0.015683364365758568
949,0.00015105325619783446,949,39858,,3.9204815148197536,-2.1725066795662693,0.015683364365758568
950,9.559434937653063e-05,950,39900,,3.9204815148197536,-2.1725066795662693,0.015683364365758568
951,7.835051738712677e-05,951,39942,5,3.9326507089450695,-2.172456861741618,0.014634772016350883
952,0.00010793052885133801,952,39984,,3.9326507089450695,-2.172456861741618,0.014634772016350883
953,9.187999391144308e-05,953,40026,,3.9326507089450695,-2.172456861741618,0.014634772016350883
954,7.000679963708473e-05,954,40068,,3.9326507089450695,-2.172456861741618,0.014634772016350883
955,0.00012683467676804022,955,40110,,3.9326507089450695,-2.172456861741618,0.014634772016350883
956,0.0001550947765109192,956,40152,5,3.9537736023821024,-2.1620513868642854,0.013411939867436828
957,0.00010456760617117954,957,40194,,3.9537736023821024,-2.1620513868642854,0.013411939867436828
958,6.492252374069407e-05,958,40236,,3.9537736023821024,-2.1620513868642854,0.013411939867436828
959,0.00010325532214689794,959,40278,,3.9537736023821024,-2.1620513868642854,0.013411939867436828
960,9.924162431349933e-05,960,40320,,3.9537736023821024,-2.1620513868642854,0.013411939867436828
961,7.315878795256559e-05,961,40362,5,3.963349635593836,-2.164602882033021,0.012576195777119548
962,0.00010609846793470429,962,40404,,3.963349635593836,-2.164602882033021,0.012576195777119548
963,0.0001537253398662581,963,40446,,3.963349635593836,-2.164602882033021,0.012576195777119548
964,0.00012211975759271045,964,40488,,3.963349635593836,-2.164602882033021,0.012576195777119548
965,6.870441516671134e-05,965,40530,,3.963349635593836,-2.164602882033021,0.012576195777119548
966,9.538247099994779e-05,966,40572,5,3.9703601224364644,-2.1702254519282476,0.011859869363040954
967,0.00010382486577047537,967,40614,,3.9703601224364644,-2.1702254519282476,0.011859869363040954
968,7.468945061198044e-05,968,40656,,3.9703601224364644,-2.1702254519282476,0.011859869363040954
969,8.139234839714003e-05,969,40698,,3.9703601224364644,-2.1702254519282476,0.011859869363040954
970,0.00014612675187063916,970,40740,,3.9703601224364644,-2.1702254519282476,0.011859869363040954
971,0.00013692736375898256,971,40782,5,4.000743410451171,-2.1485028585368866,0.010650202324153035
972,8.336580368647253e-05,972,40824,,4.000743410451171,-2.1485028585368866,0.010650202324153035
973,8.430245380417603e-05,973,40866,,4.000743410451171,-2.1485028585368866,0.010650202324153035
974,0.00010493905668834154,974,40908,,4.000743410451171,-2.1485028585368866,0.010650202324153035
975,8.218575720734846e-05,975,40950,,4.000743410451171,-2.1485028585368866,0.010650202324153035
976,6.527389336966202e-05,976,40992,5,4.003163559218856,-2.158852205253987,0.010134119313831125
977,0.000131885613740549,977,41034,,4.003163559218856,-2.158852205253987,0.010134119313831125
978,0.00014619938318376037,978,41076,,4.003163559218856,-2.158852205253987,0.010134119313831125
979,9.581825635913095e-05,979,41118,,4.003163559218856,-2.158852205253987,0.010134119313831125
980,7.029634041086266e-05,980,41160,,4.003163559218856,-2.158852205253987,0.010134119313831125
981,0.00010204414796621215,981,41202,5,4.014303442120919,-2.1591818671468155,0.009471907268476798
982,9.249989766570529e-05,982,41244,,4.014303442120919,-2.1591818671468155,0.009471907268476798
983,6.992909763752002e-05,983,41286,,4.014303442120919,-2.1591818671468155,0.009471907268476798
984,0.00011117463534017334,984,41328,,4.014303442120919,-2.1591818671468155,0.009471907268476798
985,0.00014844063656175853,985,41370,,4.014303442120919,-2.1591818671468155,0.009471907268476798
986,0.00011101344611587043,986,41412,5,4.043619001045685,-2.13811087199774,0.008510707920518445
987,6.174761229003661e-05,987,41454,,4.043619001045685,-2.13811087199774,0.008510707920518445
988,9.484919645231993e-05,988,41496,,4.043619001045685,-2.13811087199774,0.008510707920518445
989,9.927074567402283e-05,989,41538,,4.043619001045685,-2.13811087199774,0.008510707920518445
990,7.250762770207555e-05,990,41580,,4.043619001045685,-2.13811087199774,0.008510707920518445
991,8.48990170152177e-05,991,41622,5,4.043142606085907,-2.1515181370270744,0.008151997250364751
992,0.0001425392294253935,992,41664,,4.043142606085907,-2.1515181370270744,0.008151997250364751
993,0.0001294084999339879,993,41706,,4.043142606085907,-2.1515181370270744,0.008151997250364751
994,7.873611682913999e-05,994,41748,,4.043142606085907,-2.1515181370270744,0.008151997250364751
995,8.341474308106739e-05,995,41790,,4.043142606085907,-2.1515181370270744,0.008151997250364751
996,0.00010156619690549282,996,41832,5,4.059781310394444,-2.1447780341824743,0.007522165988860241
997,7.881314303052832e-05,997,41874,,4.059781310394444,-2.1447780341824743,0.007522165988860241
998,6.348677292688686e-05,998,41916,,4.059781310394444,-2.1447780341824743,0.007522165988860241
999,0.00012804518384596728,999,41958,,4.059781310394444,-2.1447780341824743,0.007522165988860241
1000,0.0001407467419221244,1000,42000,,4.059781310394444,-2.1447780341824743,0.007522165988860241
