step,KuhnPoker/conv,KuhnPoker/iters,KuhnPoker/nodes_touched,KuhnPoker/tau,KuhnPoker/alpha,KuhnPoker/beta,KuhnPoker/gamma
0,0.45833333333333326,0,0,,,,
1,0.45833333333333326,1,116,1,1.022487919143947,-0.8825253571253124,4.997255630074201
2,0.2512649837354157,2,232,1,1.025533353584024,-0.883895888064117,4.997224649023956
3,0.1332673425268438,3,348,1,1.0023759783150676,-0.888788141677312,4.997385855908725
4,0.1539032819590464,4,464,1,0.978137576072998,-0.8949406414492782,4.997547917406614
5,0.0861068055458461,5,580,1,0.9872473067629375,-0.8951970970681251,4.997476972529659
6,0.11671491705202705,6,696,1,0.9654827177179481,-0.9017640856845883,4.997618487514195
7,0.029964784894969898,7,812,1,0.9813435833623254,-0.9004074934838493,4.9975021803679684
8,0.04404979637722256,8,928,1,0.9271593001338081,-0.9166456496752409,4.997852329700777
9,0.013693778146146973,9,1044,1,0.9460344924475259,-0.9134008454434241,4.997724497080133
10,0.03301950144396615,10,1160,1,0.9003617925492611,-0.9307501477552171,4.997998032062338
11,0.03891785196261846,11,1276,1,0.9397724862342676,-0.9199863982111358,4.997750055425409
12,0.03960869173860013,12,1392,1,0.9495167091794874,-0.9194491262275031,4.997678526804284
13,0.02088149674023687,13,1508,1,0.9531499324263961,-0.9207609063456901,4.997646432938217
14,0.024787204705515237,14,1624,1,0.9292606236331071,-0.9308538628054022,4.997793988322509
15,0.02084443223687668,15,1740,1,0.9392971779191557,-0.930009416566933,4.997721949651178
16,0.01358402027152028,16,1856,1,0.9349161876905818,-0.9340375176514393,4.9977421649537455
17,0.023778193394738745,17,1972,1,0.9198352523293629,-0.9420972029088936,4.997828684901314
18,0.015120238005461029,18,2088,1,0.9462014131075924,-0.9353177695818926,4.997652087858849
19,0.01280002655516882,19,2204,1,0.9300468462866065,-0.943663672428837,4.997748559895676
20,0.015993304452241786,20,2320,1,0.9259063338407694,-0.9479149516905083,4.997766271061086
21,0.011346786995863611,21,2436,1,0.938158749911717,-0.9460299922584534,4.997679477688951
22,0.016456119342939696,22,2552,1,0.9265605528444127,-0.9531384095242661,4.997745082338003
23,0.010794404534032936,23,2668,1,0.94513865584796,-0.9488379625300833,4.997616008275899
24,0.015337936830550403,24,2784,1,0.930192801583059,-0.9572753587802745,4.9977045157410585
25,0.006403804552124609,25,2900,1,0.9479518271344167,-0.953225181315787,4.997579128648576
26,0.009209033839042619,26,3016,1,0.913883470810271,-0.9694259822512383,4.997788397933237
27,0.010956787737663731,27,3132,1,0.932100884457151,-0.9649609666493029,4.997665066553061
28,0.008073728239739841,28,3248,1,0.9423618213745142,-0.9637361688229928,4.9975885921063545
29,0.010859265217996378,29,3364,1,0.9322823733457586,-0.9706091070508085,4.997645161396968
30,0.0038490518514094074,30,3480,1,0.9477827992998251,-0.9672671171913885,4.997533049145295
31,0.007884828931503746,31,3596,1,0.9066535954401955,-0.9872384649350876,4.997786183268605
32,0.006749265695488421,32,3712,1,0.9399428271575159,-0.9761925382502488,4.997565916870439
33,0.005473857953675637,33,3828,1,0.9362087892178881,-0.9806690336750457,4.9975806143987
34,0.007535388115088193,34,3944,1,0.9301713022530322,-0.9861800146818089,4.997609951738618
35,0.0008488496946803814,35,4060,1,0.946717197202712,-0.9822160525964583,4.997490046694177
36,0.006618969554979537,36,4176,1,0.8576471275561759,-1.0259984288850248,4.998017737348143
37,0.003815360796038225,37,4292,1,0.9469862354434366,-0.9880652993958279,4.997467249160137
38,0.006948592258843311,38,4408,1,0.9263118989611248,-1.0000467647066325,4.99759369566409
39,0.005554629718152515,39,4524,1,0.9549136160082285,-0.9907319402149073,4.997390926788165
40,0.007228123853428775,40,4640,1,0.9482073216313958,-0.996645759725536,4.997426436394623
41,0.007703421085096918,41,4756,1,0.9624807173609276,-0.9935710670424371,4.997315061927072
42,0.005810536484955692,42,4872,1,0.9681771160355959,-0.9941836395642933,4.997262441735453
43,0.00911151684350886,43,4988,1,0.9589331357494935,-1.0012275134254287,4.997317531064853
44,0.0040544075212811115,44,5104,1,0.9813726423715152,-0.9946573623910417,4.997140694770394
45,0.005249234477234743,45,5220,1,0.9492408693756402,-1.0117140384118983,4.997362280089934
46,0.0070157830312861935,46,5336,1,0.963361429691028,-1.0086128976337787,4.997250280638843
47,0.005264430697023592,47,5452,1,0.9789243288694811,-1.0049237851310693,4.997122777122968
48,0.006013722689139828,48,5568,1,0.9693905240444622,-1.012222553612876,4.997181659581224
49,0.005592569312006107,49,5684,1,0.9781518567402498,-1.0115041893911634,4.997103521889633
50,0.0018069132256996745,50,5800,1,0.9779546503873142,-1.0147343045779706,4.997092205840837
51,0.005966332967340088,51,5916,1,0.931757609450101,-1.0389358176312937,4.997408189643288
52,0.0037169486516756833,52,6032,1,0.9867416675972562,-1.0171645806149714,4.9969983827115865
53,0.004089108058643098,53,6148,1,0.9689938025146421,-1.0282778824522216,4.997120073944992
54,0.00567813109291207,54,6264,1,0.976138928182019,-1.0282675045016223,4.997052992841127
55,0.001894909355435348,55,6380,1,0.9935439024800847,-1.0236733910037268,4.99690375521056
56,0.003884361880443138,56,6496,1,0.9483712367670627,-1.04756203938716,4.997228713426816
57,0.0043432237088544545,57,6612,1,0.9828130328161888,-1.0349287440135246,4.99696003653988
58,0.0036189353474697927,58,6728,1,0.9907247567276702,-1.0345826819576451,4.996883500601094
59,0.004093835208523577,59,6844,1,0.9856639604908675,-1.040136343305331,4.99690889752085
60,0.0036991508806680784,60,6960,1,0.9941092286263684,-1.0395466652393717,4.9968269581252525
61,0.001367261208423065,61,7076,1,0.9926224714394278,-1.0434964214155238,4.9968238692719416
62,0.004209660977612967,62,7192,1,0.9516717344519807,-1.0661107433474426,4.997120066616475
63,0.002620934454024143,63,7308,1,1.0043780992127094,-1.0446776059348082,4.996696927473596
64,0.0028124986030850507,64,7424,1,0.9863328305528674,-1.0563350578373578,4.996827829316792
65,0.003991740720713399,65,7540,1,0.992465453112308,-1.0568083845290912,4.996762946315174
66,0.001228600225659765,66,7656,1,1.0110849620171907,-1.0514953974267298,4.9965922652722465
67,0.0029993891040767384,67,7772,1,0.9616775397564301,-1.0783449277564683,4.996970016877187
68,0.002937911036688834,68,7888,1,1.0043713913151202,-1.0612898731348461,4.99661583029607
69,0.0026691261507031105,69,8004,1,1.0064690995522405,-1.0636711948229252,4.996581257163706
70,0.0030841378800302854,70,8120,1,1.005198020222521,-1.067649804087587,4.996574851944498
71,0.0024639958332681733,71,8236,1,1.0147114832868764,-1.066550223876779,4.996476012055029
72,0.001320027315144745,72,8352,1,1.0076653337914776,-1.0732833883203328,4.996518936786262
73,0.0030808412928740314,73,8468,1,0.9826962170316544,-1.0888230717891287,4.996707258885721
74,0.002084232968282501,74,8584,1,1.0238030073682243,-1.0724491663480813,4.996341782586991
75,0.002060662038066069,75,8700,1,1.0092302628684258,-1.0828436584269974,4.996451179991288
76,0.0029313288739309107,76,8816,1,1.0117532264498714,-1.0850895041190098,4.996410731478637
77,0.0008881674160213515,77,8932,1,1.0307349092567153,-1.07943154914511,4.9962223041938785
78,0.0025006428546033577,78,9048,1,0.9799075233009051,-1.107948905879371,4.996638968746957
79,0.0022280463127210826,79,9164,1,1.0296645211299067,-1.086860939262342,4.996192940723402
80,0.002114795914775619,80,9280,1,1.0274904418350177,-1.0913982617272757,4.996192883928098
81,0.0025253145696119417,81,9396,1,1.0281844394860733,-1.0945644408849275,4.996166321455856
82,0.001572443353269476,82,9512,1,1.03933048303749,-1.0926538989598327,4.996041863124122
83,0.001318718399507729,83,9628,1,1.0208268655691308,-1.1052530382237005,4.996192125582232
84,0.0022642879958363338,84,9744,1,1.0158691985065895,-1.111299132776695,4.996215749373061
85,0.001744178435003213,85,9860,1,1.0436052699186638,-1.1011329155679273,4.995937182246186
86,0.001609420744882184,86,9976,1,1.0347545329538956,-1.1090543702105289,4.995999730080802
87,0.0022067219887698386,87,10092,1,1.0341527280263254,-1.1129405244281783,4.995983393848126
88,0.000544005212135934,88,10208,1,1.0517112055766367,-1.1078146545411058,4.9957911722194535
89,0.0020592847156615524,89,10324,1,0.9908059070111395,-1.1426937022419863,4.996327004864524
90,0.0016505815491231757,90,10440,1,1.0547418559691466,-1.1134812346510459,4.995714703677972
91,0.0016495153208153646,91,10556,1,1.0476622114499023,-1.1206295023015223,4.995761568820324
92,0.0021067418309247132,92,10672,1,1.0507330363891745,-1.1227204697209656,4.9957073051381595
93,0.001161862631295002,93,10788,1,1.065137861898143,-1.1191329016112606,4.995536468368758
94,0.0012730893293675105,94,10904,1,1.0407641346939032,-1.135124764630771,4.995757078306118
95,0.001867614560661951,95,11020,1,1.0480822813129773,-1.135071547141551,4.995660302678914
96,0.0014893272637002686,96,11136,1,1.068940554631865,-1.1281511276592073,4.99542112720855
97,0.0014605859242354247,97,11252,1,1.0615689381602122,-1.1355725113069917,4.995472420875082
98,0.001799917711105492,98,11368,1,1.0637871263565088,-1.1381428008776553,4.995423223316406
99,0.0003899518591222173,99,11484,1,1.0766334319570317,-1.1352925760614652,4.995259824241437
100,0.0017666200816052469,100,11600,1,1.0089050722815072,-1.1750044223767593,4.995907638904615
101,0.0011156914967088427,101,11716,1,1.082055658181409,-1.1399414633099112,4.995145710433263
102,0.0013654943421761434,102,11832,1,1.0637543075218268,-1.1531405896531504,4.995315513222385
103,0.0017961971696631163,103,11948,1,1.0763224310552708,-1.150374155254597,4.9951524798414635
104,0.0009516001313879252,104,12064,1,1.0923058431304344,-1.1458811960870245,4.994944993087186
105,0.0010889889071230285,105,12180,1,1.0657115938464408,-1.1635267471817066,4.995209778031991
106,0.0015888276108457777,106,12296,1,1.0751651333724892,-1.1623613992672213,4.995078208806705
107,0.0012735468637103675,107,12412,1,1.0960556245513597,-1.155239029417657,4.994812221846727
108,0.0012660851889342573,108,12528,1,1.08882393757282,-1.1628208763940977,4.994864971257999
109,0.0015219337508092512,109,12644,1,1.0917131997530678,-1.1651294072384992,4.994800821491239
110,0.0002532492712174761,110,12760,1,1.1035635713855017,-1.1627351202720817,4.994630101842517
111,0.0014352771451707491,111,12876,1,1.0225964791495832,-1.211244617071158,4.995473470985509
112,0.0009495381011436488,112,12992,1,1.1071675520115094,-1.1685104590258233,4.994521886861334
113,0.0012146855080750474,113,13108,1,1.090814067326822,-1.1810914157376402,4.994683077297057
114,0.001458346288016804,114,13224,1,1.1056474042763824,-1.1770509887979186,4.9944736126671785
115,0.0008936521589284763,115,13340,1,1.1175127871000325,-1.1746277791952284,4.994293164549399
116,0.000774223627389603,116,13456,1,1.0974652205721953,-1.1892833743186728,4.994503774144626
117,0.0013302970331311448,117,13572,1,1.0938352434764411,-1.1952214064466535,4.9945123020700395
118,0.0010457294567311481,118,13688,1,1.1227678411971942,-1.1835158966763095,4.994120476749914
119,0.0009515208255360952,119,13804,1,1.1145106006641199,-1.1918987161084593,4.994188916298224
120,0.001368209279900695,120,13920,1,1.113212930554218,-1.1965717477441948,4.994168594699183
121,0.0005527893072330148,121,14036,1,1.133767792412307,-1.1894015658136015,4.993865793425032
122,0.0010963065354971935,122,14152,1,1.0936909720657597,-1.2154193693265323,4.994334159054929
123,0.001151948439441497,123,14268,1,1.1296195231521409,-1.1995815288683271,4.993843787136436
124,0.0010462106011033256,124,14384,1,1.13521887786042,-1.2005213550833116,4.993729963020541
125,0.001042509816803594,125,14500,1,1.1338309729904732,-1.2052864186339165,4.993708717117192
126,0.0010667972429168615,126,14616,1,1.1368928239430476,-1.2076274284830752,4.99362697733233
127,0.00041367857422380805,127,14732,1,1.1412369750530602,-1.2092690781967614,4.993526540232308
128,0.0011360280197065253,128,14848,1,1.098926519202095,-1.2371881624465955,4.994037484011385
129,0.0009690278813779818,129,14964,1,1.150757425206156,-1.2121068632025227,4.993309223297376
130,0.0009494517684232873,130,15080,1,1.1463368160057814,-1.218617941235408,4.993328395693609
131,0.0011490792783328263,131,15196,1,1.1486006325329217,-1.221442159180983,4.993252743536481
132,0.0007540588040406138,132,15312,1,1.1610861501055392,-1.2185814646381041,4.993028166533326
133,0.0005699104193584992,133,15428,1,1.1439566996419726,-1.2322867606268533,4.993229157291214
134,0.0010711638224132625,134,15544,1,1.1336454024973042,-1.2423323735433247,4.99332739030747
135,0.0008340795785660715,135,15660,1,1.1674938545107896,-1.227301684893261,4.992794377943959
136,0.0008553361457670217,136,15776,1,1.158615420911645,-1.2364427241328233,4.99287910497506
137,0.0011492223335269336,137,15892,1,1.1631068898858408,-1.2380600506676098,4.9927644634265445
138,0.0004907565046333717,138,16008,1,1.180763690689658,-1.2322432798925043,4.9924449437724885
139,0.0007479276705256444,139,16124,1,1.142598454792525,-1.2583057732741674,4.992966764033705
140,0.0009743633957319808,140,16240,1,1.1663928331932536,-1.2487648934513742,4.992566512892603
141,0.0008374724559192526,141,16356,1,1.1825908260619489,-1.2437073371542078,4.9922634309852905
142,0.0008833407992883124,142,16472,1,1.1784838394443486,-1.2502641523928273,4.992276220688142
143,0.001073420395315522,143,16588,1,1.1843876116088667,-1.2511003196042667,4.992129267417274
144,0.0003223859870737922,144,16704,1,1.197240994108678,-1.2479608091903325,4.991864953227087
145,0.0008108364769643939,145,16820,1,1.1415931666491133,-1.284962307190033,4.992676098405964
146,0.0008488376070174553,146,16936,1,1.1900948617511011,-1.2605605012166086,4.9918723388890465
147,0.0008030253103365192,147,17052,1,1.1956548218030474,-1.2616102805552167,4.991723640631343
148,0.0007385541295200082,148,17168,1,1.1962390458888872,-1.2655615022807385,4.991656410366646
149,0.0009765120533680727,149,17284,1,1.195432184159225,-1.2703483429941853,4.991611750962539
150,0.0003199048979354857,150,17400,1,1.2125221653246185,-1.2646702327883161,4.9912581739931605
151,0.000818739674188107,151,17516,1,1.1608011899452708,-1.2999611557095996,4.9920541096400495
152,0.0007941917817729793,152,17632,1,1.2104848726619148,-1.274504673940432,4.991171954469173
153,0.0007594697140451967,153,17748,1,1.2123120966816547,-1.2777815156735302,4.991077301425015
154,0.0006984734032831064,154,17864,1,1.2134340315628438,-1.2814899885623086,4.9909940576919745
155,0.0009044603045261224,155,17980,1,1.212621665044358,-1.2863699187015936,4.990944451807282
156,0.0002483251499851291,156,18096,1,1.2287820113251153,-1.2811476012851357,4.990583433954149
157,0.0008101409991081721,157,18212,1,1.167986047749325,-1.3227884691461866,4.991574064028542
158,0.0006935086438849547,158,18328,1,1.2300182277855387,-1.2892123454950197,4.990425600049852
159,0.0007239014279521172,159,18444,1,1.2256390694141284,-1.296284742931169,4.990439304184786
160,0.0007055586975619199,160,18560,1,1.2311281675229733,-1.2974305474772743,4.990266066791086
161,0.0008723443492695548,161,18676,1,1.2332071495263657,-1.3006445207411061,4.990155527210931
162,0.00025726363507594385,162,18792,1,1.247158899630728,-1.296680523992003,4.98981010369625
163,0.0007726902995318086,163,18908,1,1.189563075364182,-1.3369353847146563,4.990810477937856
164,0.0007003233922072138,164,19024,1,1.2478474373385287,-1.3052248358322522,4.989647859343729
165,0.0006938461917179173,165,19140,1,1.2463027767269872,-1.3106853516102497,4.989603189397709
166,0.0007214358213974426,166,19256,1,1.2492136555925606,-1.3134359928978596,4.989467526501818
167,0.0008631709550322442,167,19372,1,1.2545487220673308,-1.3147022327112454,4.989280040882969
168,0.00024580854813063824,168,19488,1,1.2669367659966477,-1.311644162717661,4.988939714767845
169,0.0006899661441616411,169,19604,1,1.2072529789855726,-1.353801844194533,4.990049045125108
170,0.000729751392158029,170,19720,1,1.2624736704204569,-1.3235086279415056,4.9888715173172535
171,0.000648285990936609,171,19836,1,1.268689797248547,-1.324241189479394,4.988654385057611
172,0.0005559203571560145,172,19952,1,1.2661280356934697,-1.3304369517989525,4.988625187589554
173,0.0008454431471807411,173,20068,1,1.2617776109080419,-1.3377982227468024,4.988633389234812
174,0.000330047332079364,174,20184,1,1.286340597702689,-1.3270800920671058,4.988001064506637
175,0.0005691680753703021,175,20300,1,1.2422403624276486,-1.3596702712786293,4.988871749604478
176,0.0007545804748229357,176,20416,1,1.273168072823278,-1.3446017619540984,4.988119096983503
177,0.0005853117919052409,177,20532,1,1.2908484350351825,-1.338122910201279,4.987622945288269
178,0.0005787428059779165,178,20648,1,1.2814051520032324,-1.3487526981636724,4.987748394267838
179,0.0008016064245251753,179,20764,1,1.2842501691403942,-1.3516452516292436,4.987588303372252
180,0.00047632673853609253,180,20880,1,1.3042244166558195,-1.3437066211354627,4.987016813575964
181,0.0004052563795849118,181,20996,1,1.2812056358755104,-1.3630679452939187,4.9874662866801325
182,0.0007615022776414904,182,21112,1,1.276412777476953,-1.3709540406911265,4.987479067069438
183,0.0005088700528310397,183,21228,1,1.31194356920168,-1.3528877424412873,4.986523640627556
184,0.0005925134936734522,184,21344,1,1.2948383013672067,-1.3685750203745402,4.986842352957274
185,0.0007176294277847772,185,21460,1,1.3060241053676902,-1.3661205645802057,4.986462610322319
186,0.0006277206508841227,186,21576,1,1.3192705547321277,-1.362395033558911,4.986020055846609
187,0.0002882480023706224,187,21692,1,1.3158683937602582,-1.3693236102515154,4.985998378571949
188,0.0007148870443464406,188,21808,1,1.2795587154281125,-1.3980453839307452,4.9867891323547
189,0.0005202144270710363,189,21924,1,1.3294711772309662,-1.37014674999797,4.98541959888761
190,0.0005847674213846354,190,22040,1,1.3166168144141492,-1.383265781772088,4.9856443114342195
191,0.0005900289213951193,191,22156,1,1.3260734198713673,-1.3819250332591895,4.98527904488463
192,0.0007323462692058191,192,22272,1,1.33000224515338,-1.3841998985953259,4.985055774166138
193,0.000223473815285119,193,22388,1,1.3446416324053174,-1.3795664512820565,4.984533904854603
194,0.0005537473725014952,194,22504,1,1.2870858472564097,-1.422823841398299,4.985934305424145
195,0.0006742597376663273,195,22620,1,1.3371556624541403,-1.3940909177908716,4.9844947630264365
196,0.0005227529191264013,196,22736,1,1.350834445724694,-1.3900330232205007,4.983982784828883
197,0.0005194067188852014,197,22852,1,1.3411431127493247,-1.4012492659888756,4.984129945205119
198,0.0007095545557709027,198,22968,1,1.3442955423137875,-1.4040765107709214,4.983910693204744
199,0.0004974255997224619,199,23084,1,1.3640030947039479,-1.396059485685129,4.9832033705095835
200,0.000268154766458778,200,23200,1,1.3490348390253566,-1.4107952250914244,4.983508366690556
201,0.0006807086661548001,201,23316,1,1.3206130503533422,-1.4351632056411248,4.9841842218118035
202,0.00047036977653305834,202,23432,1,1.3723825448868279,-1.4052441075609874,4.982533584790334
203,0.0005413214426384649,203,23548,1,1.3566201073387325,-1.420625179600007,4.98286943953894
204,0.0005053395929297544,204,23664,1,1.3674402335079885,-1.41836100951253,4.98239713342759
205,0.0006649193389021424,205,23780,1,1.3673641159504843,-1.423391972865833,4.982253254901323
206,0.0002092291239164934,206,23896,1,1.3852624522609776,-1.4164791804683965,4.981540971620133
207,0.0005098780484180665,207,24012,1,1.3285980777578383,-1.460410254620827,4.983125155825819
208,0.0006266540666556852,208,24128,1,1.3783866734588255,-1.431005074764322,4.981453078832072
209,0.00047169378018840913,209,24244,1,1.3927570956501798,-1.4264084055752924,4.980829120352345
210,0.0004912313017800263,210,24360,1,1.3813598237298839,-1.4390713574703615,4.981042210491786
211,0.0006363988828743117,211,24476,1,1.3870197168054168,-1.4402880932958102,4.980695142430979
212,0.0005193594905235632,212,24592,1,1.4042180563564157,-1.4337757255864383,4.979952099245773
213,0.00025668001660428263,213,24708,1,1.3970291704892353,-1.4436280642501804,4.980027450233724
214,0.000613863987693225,214,24824,1,1.3636698301284436,-1.472015737142144,4.980969221871675
215,0.0004897166656759044,215,24940,1,1.4129842362756788,-1.4429928468265187,4.9791292264511124
216,0.0004966666363933891,216,25056,1,1.404572382588031,-1.4537507108852725,4.979246661783776
217,0.00045316051224417175,217,25172,1,1.4088726511137049,-1.4559220512511764,4.978915777624923
218,0.0006518180384832151,218,25288,1,1.4075777074408145,-1.4619369118712482,4.978779614418272
219,0.0003593453958851134,219,25404,1,1.430471687874342,-1.4514867595331902,4.977761628341591
220,0.0003339760077820386,220,25520,1,1.4024328777406114,-1.4758826850148752,4.978593482772837
221,0.0006274872423041311,221,25636,1,1.4021251501489909,-1.4813236425710912,4.978417219492608
222,0.00040606137069060244,222,25752,1,1.4391955303399508,-1.4608630133719784,4.976846005280144
223,0.00048754114721277775,223,25868,1,1.4195707658888832,-1.4794963652832351,4.977389032458115
224,0.0004736221707364874,224,25984,1,1.432874820837655,-1.4754518840936284,4.976683065541561
225,0.0006110387654165716,225,26100,1,1.4349147165410685,-1.4792174345354274,4.976399077859027
226,0.00025020123911756453,226,26216,1,1.452158491491838,-1.4725600350916008,4.975508773275106
227,0.0004238664235286793,227,26332,1,1.4082735870811667,-1.508542273856916,4.977018745743958
228,0.0005959523090111052,228,26448,1,1.4397661400798214,-1.491427445228976,4.975576250766874
229,0.0003965275271485269,229,26564,1,1.4616466141703903,-1.4815256338537348,4.974464455242388
230,0.00046676786938806836,230,26680,1,1.4434058362165156,-1.4993158465521979,4.9749943145725934
231,0.0005031007748679539,231,26796,1,1.4557401704913562,-1.495927739634108,4.974259904012266
232,0.0005590059868820496,232,26912,1,1.463386586980671,-1.4958304330797954,4.973707439738257
233,0.000214681906123948,233,27028,1,1.4726951956965402,-1.4946074871168986,4.973071950431864
234,0.0004617906744081024,234,27144,1,1.425256918305969,-1.533496109529308,4.974857517181402
235,0.0005564680971812397,235,27260,1,1.4696595350075266,-1.5070803148972838,4.972726265677688
236,0.000400821607577706,236,27376,1,1.4833683311594263,-1.5028155628236322,4.971869461291432
237,0.00044054281839370213,237,27492,1,1.4693127878607528,-1.5177749681223616,4.972254666678882
238,0.0005135038955526583,238,27608,1,1.4780379763413998,-1.516903072499796,4.971610960895601
239,0.0005218671213270687,239,27724,1,1.4899700839082815,-1.5138450417411498,4.970804275937459
240,0.0001890716615342014,240,27840,1,1.4945045503108372,-1.5159216738908519,4.970329599945876
241,0.0004677810291456308,241,27956,1,1.4437842634110603,-1.5574908577717088,4.972418255872808
242,0.000531474993792691,242,28072,1,1.4958995069445171,-1.5253814160129637,4.969729752348089
243,0.0003943094424229132,243,28188,1,1.5065008550963892,-1.5232742105477315,4.968939438386775
244,0.00042428365560975845,244,28304,1,1.4939864671220353,-1.537204773609215,4.969279023072552
245,0.000504344658318362,245,28420,1,1.5016206439704387,-1.5371096655070438,4.968624300416866
246,0.0005084976983521783,246,28536,1,1.5146911657194462,-1.5332678568845237,4.96767999844776
247,0.00019169116371192674,247,28652,1,1.5188267988135502,-1.5356353399910587,4.9671760222285934
248,0.0004502234926321014,248,28768,1,1.4699602765780728,-1.5759250800162268,4.969362000977071
249,0.0005255274911268315,249,28884,1,1.5195807758390178,-1.5455809341953197,4.9665428121256925
250,0.0003776266386434912,250,29000,1,1.5317210043483729,-1.5424167906484898,4.965591038591519
251,0.0004167102632313957,251,29116,1,1.5174123084297642,-1.5576341080133198,4.966052667250043
252,0.00047104355885077553,252,29232,1,1.5264668027765937,-1.5565511797515734,4.965254500972451
253,0.0005141676073629198,253,29348,1,1.5368639228929841,-1.554566344353201,4.964364685694502
254,0.00018379946391905433,254,29464,1,1.5453789268171532,-1.5539209802762235,4.963561470370885
255,0.0004044832495856965,255,29580,1,1.4933918755948654,-1.596496348503897,4.966119683812399
256,0.0005281692408855287,256,29696,1,1.539692083010216,-1.5683894373018699,4.963225149664698
257,0.0003466494961179012,257,29812,1,1.5580411738101438,-1.5609044396941147,4.961818254647738
258,0.0004129862207298274,258,29928,1,1.538722520066902,-1.5796740486729703,4.96261031320509
259,0.0004069021139180007,259,30044,1,1.552010947628775,-1.5756065029667257,4.961482244496475
260,0.000523044073643314,260,30160,1,1.5549342030776776,-1.578844913914625,4.960954947157008
261,0.000237937565176094,261,30276,1,1.5724798113822618,-1.57192227920551,4.959518090283279
262,0.0003269163450255741,262,30392,1,1.533195669670691,-1.605089803650129,4.961560488903945
263,0.0005224710138262423,263,30508,1,1.5541881228206127,-1.5953139275821526,4.959922102773936
264,0.0003059770543190343,264,30624,1,1.5836942585140263,-1.5799373482140484,4.957677681041359
265,0.00040353424831160445,265,30740,1,1.5580655197279027,-1.6032365829715947,4.958939490318498
266,0.0003208486131211219,266,30856,1,1.57697945063053,-1.5951529908990303,4.957339721900151
267,0.0005187497749752634,267,30972,1,1.5681638135911267,-1.6067183754979464,4.957526881047349
268,0.0003179357133200056,268,31088,1,1.5983888993676238,-1.590821947764133,4.955111087224086
269,0.00021477663701988114,269,31204,1,1.575188601245433,-1.6124039590436452,4.956273583418485
270,0.0004934973245316332,270,31320,1,1.5575690533220141,-1.630575875142572,4.957050397135804
271,0.0003864827493850753,271,31436,1,1.6069790316062034,-1.6006778939887214,4.953256717217319
272,0.00037956582585793597,272,31552,1,1.5972471909416397,-1.6127648612130965,4.953516266627599
273,0.0003500970323938313,273,31668,1,1.600038490481633,-1.616118982996235,4.9528882331429465
274,0.00048247813818941276,274,31784,1,1.5993728094818853,-1.6219229657245395,4.9525009115992775
275,0.0004100268227737458,275,31900,1,1.6209189494055227,-1.6121216817327044,4.950477324137221
276,0.00018715196643334653,276,32016,1,1.6156957982175417,-1.6210598996915113,4.950410148126913
277,0.0004248305127658447,277,32132,1,1.5764709855999581,-1.6547869402874784,4.952841453806032
278,0.000458908844848116,278,32248,1,1.6252799813520866,-1.6249646049611368,4.948754117263111
279,0.0003348636591188614,279,32364,1,1.633385461000437,-1.624608016641397,4.9476472795096225
280,0.0003727149658682982,280,32480,1,1.6197289214434991,-1.6395510219241038,4.948230666191977
281,0.00039404115630914394,281,32596,1,1.6294715498071066,-1.6379852587022257,4.946980536106485
282,0.0004739060003065565,282,32712,1,1.6363823961396429,-1.6384423127877263,4.945931688399487
283,0.00021266457628524305,283,32828,1,1.6504916285786386,-1.6338829522771947,4.9442707183233665
284,0.00029762063176963505,284,32944,1,1.61001822844842,-1.6682199546231922,4.947051941379046
285,0.00048168680725840796,285,33060,1,1.6323206844872893,-1.65740675370787,4.944739878907098
286,0.00030229467897899265,286,33176,1,1.6629299895790361,-1.6411180946869335,4.941631589387407
287,0.00036867635313159175,287,33292,1,1.6408485189532862,-1.6620532756921769,4.942981123529849
288,0.0003109957086454007,288,33408,1,1.655706134122359,-1.656822570254775,4.941164976882111
289,0.0004735056854679176,289,33524,1,1.6501035253895817,-1.6661807637228057,4.941103674546099
290,0.0003616533225491714,290,33640,1,1.677394172276916,-1.6522442936516115,4.938111630445071
291,0.0001866995400316429,291,33756,1,1.6661944818134566,-1.6654395174553467,4.938549690133204
292,0.00042061892491029873,292,33872,1,1.6335032583171,-1.6946244399317,4.940901854510382
293,0.0004297789475948277,293,33988,1,1.6823592876922802,-1.6647082449114283,4.935885885346493
294,0.00032220995630902194,294,34104,1,1.6874389483851995,-1.666466728540398,4.934800127046822
295,0.00035377788536083976,295,34220,1,1.6752202968691456,-1.6804753639343863,4.935350949779462
296,0.0003686293416393094,296,34336,1,1.684304413965815,-1.6793633615795613,4.933867717996857
297,0.0004545167204472733,297,34452,1,1.6904812036472945,-1.6803335359269493,4.932638890549347
298,0.00021524838244382782,298,34568,1,1.7061137057413962,-1.6746582678936583,4.93044061686201
299,0.00025800712567586315,299,34684,1,1.6683250793221447,-1.7071738589501968,4.9335446699235685
300,0.0004552930889182294,300,34800,1,1.6822431129747426,-1.7024277317200336,4.931534465251067
301,0.0003232677739445633,301,34916,1,1.7178995413142522,-1.6823545950789136,4.927217214044187
302,0.00034479698618264387,302,35032,1,1.7025840226317446,-1.698547421837166,4.9281344540757885
303,0.000313514725978431,303,35148,1,1.710089594787254,-1.6985561784190388,4.92665974404733
304,0.00042835291817222565,304,35264,1,1.7086668461941654,-1.7049536058187698,4.9261138613339455
305,0.00038752010272383175,305,35380,1,1.7300955401528624,-1.695080939862148,4.923075039181217
306,0.00017766113834588593,306,35496,1,1.7283696513286249,-1.7016357854418525,4.922534300036242
307,0.0003483734483193668,307,35612,1,1.6887345682516255,-1.7358506512237986,4.926141543382664
308,0.00043573216374390156,308,35728,1,1.73021318873967,-1.7110378103294288,4.920839754789753
309,0.0002704049218891502,309,35844,1,1.7467441820122593,-1.7046756879799285,4.918175213390468
310,0.0003427478784508997,310,35960,1,1.7238339829527218,-1.7264035639977813,4.920051150611435
311,0.00026749608778561806,311,36076,1,1.7410618592019222,-1.719392786744829,4.917273313463943
312,0.00043789932301066536,312,36192,1,1.7310616672007397,-1.7319800639172773,4.917663050972477
313,0.0003098914592586932,313,36308,1,1.7627602362608081,-1.7147007362867552,4.9130425104859
314,0.000174013570200221,314,36424,1,1.7471749724689967,-1.7311338124718119,4.914124421296501
315,0.00039356631388653973,315,36540,1,1.7187901967105979,-1.757338083902185,4.916742171280971
316,0.0003936321477102378,316,36656,1,1.7685435168957622,-1.7266042066702316,4.9097773775552245
317,0.0002932485639006721,317,36772,1,1.7724988097433614,-1.729138172577402,4.9083995971937515
318,0.0003289133579475467,318,36888,1,1.759808632150785,-1.7435680301806893,4.909156660604939
319,0.00031638203043671265,319,37004,1,1.770229064839488,-1.7414521187033318,4.90692175455791
320,0.00042439425755072535,320,37120,1,1.7719806787250592,-1.745561184137899,4.905790702994779
321,0.00024341534687705169,321,37236,1,1.7925795880415651,-1.7362442590964329,4.902093651867911
322,0.00019778332830949763,322,37352,1,1.7650866967061123,-1.7613288856668923,4.904887236773528
323,0.00040699310951833323,323,37468,1,1.7573646130698044,-1.7724275741141051,4.905007117529686
324,0.00035130290647439333,324,37584,1,1.802081642085907,-1.7454800491742701,4.8978782304909
325,0.00030249733927595335,325,37700,1,1.7976821839463493,-1.7539339754013707,4.897517271147043
326,0.0003127525316170554,326,37816,1,1.793161958476854,-1.7625268553194071,4.89717232338976
327,0.00034509171654573123,327,37932,1,1.7990113405111952,-1.7636780780488175,4.895322883277722
328,0.0004055693223476986,328,38048,1,1.8085592685544385,-1.7621802200394159,4.892892523588364
329,0.00019777510779817042,329,38164,1,1.821718533582461,-1.7581405008784505,4.889861565055981
330,0.0002219755168411386,330,38280,1,1.7849927469192668,-1.7900757994937408,4.894323028625144
331,0.0004073626981828393,331,38396,1,1.795452589745853,-1.787786885774243,4.891722202477677
332,0.00032062445650862803,332,38512,1,1.8338824041031527,-1.765429219908965,4.884691551150393
333,0.0003030236729689717,333,38628,1,1.8242068746967015,-1.7776446287186032,4.885106459766812
334,0.0002996477064805547,334,38744,1,1.8249632135696052,-1.7824384883778164,4.883862027414206
335,0.000351975472334759,335,38860,1,1.8282926422083141,-1.785378512765472,4.882186214046941
336,0.00039016105385358824,336,38976,1,1.8414271042974502,-1.7812716538483686,4.878865897386405
337,0.00017527752316764955,337,39092,1,1.851281665994312,-1.7795479085339214,4.876017973968651
338,0.00023161988819803137,338,39208,1,1.8098253613269233,-1.8150748433957224,4.881742467393793
339,0.0004003260546250331,339,39324,1,1.8295360927093394,-1.8059046520695445,4.877286300239144
340,0.0003056321045781796,340,39440,1,1.8646783877551882,-1.7858776135412722,4.869978904010837
341,0.0002976529443960707,341,39556,1,1.8532304589596404,-1.799366123605212,4.8707319485943215
342,0.0002916378813787035,342,39672,1,1.8556931858494068,-1.80290728348217,4.869020540294333
343,0.0003432991217449666,343,39788,1,1.858500228916908,-1.8061975416847238,4.867223598848174
344,0.0003807242168594738,344,39904,1,1.8717845805884163,-1.8019332685719172,4.863472664909881
345,0.00018129481596315666,345,40020,1,1.8816849169005427,-1.800133745119581,4.860266439936396
346,0.0002203105874012401,346,40136,1,1.8434077155537487,-1.8333529736869405,4.866042939801872
347,0.00038866387987465667,347,40252,1,1.8584188026889614,-1.827612588625646,4.86191890622461
348,0.0003056693584721215,348,40368,1,1.8948022034644556,-1.8065660055555441,4.8535179547910525
349,0.0002874928001173893,349,40484,1,1.8850181301020639,-1.8188581340894152,4.854005229555414
350,0.0002883442881147502,350,40600,1,1.8854885716185046,-1.8238128614332823,4.852466059600566
351,0.0003217592064592989,351,40716,1,1.8896311183444907,-1.82610471793849,4.850170116124779
352,0.0003764176493001037,352,40832,1,1.8998790324023458,-1.8239765121417661,4.846585836132926
353,0.00019235574477624584,353,40948,1,1.9128572809702964,-1.8199164934881853,4.842348330647384
354,0.00019115737111291553,354,41064,1,1.878485721637732,-1.85026763168784,4.847966692677112
355,0.0003721170698998133,355,41180,1,1.8820985757345081,-1.8529369517072918,4.84570447561443
356,0.00031731752882208086,356,41296,1,1.9241340029530571,-1.8275588211306575,4.8351431935124785
357,0.00027234435077783115,357,41412,1,1.918964261072504,-1.8365199756663138,4.834644943485545
358,0.000290002838792186,358,41528,1,1.9141860884537967,-1.845255642498752,4.834058899972226
359,0.0002872417465178967,359,41644,1,1.921757240878454,-1.845015523605679,4.83070595590135
360,0.00037377606087210524,360,41760,1,1.9251846153530767,-1.8477864296258093,4.828236744379789
361,0.00022485461702750897,361,41876,1,1.9442862947004578,-1.8392315382634403,4.82207715559279
362,0.00015385505321052761,362,41992,1,1.9191310047722552,-1.8627818993955059,4.8261954929884885
363,0.0003482572988365018,363,42108,1,1.9015194950134648,-1.881258578208954,4.828536926854488
364,0.00033518697954570964,364,42224,1,1.9521517720070416,-1.8492138656114843,4.814781405402709
365,0.00025108747239338536,365,42340,1,1.953928678492185,-1.8531450245551513,4.812491016580985
366,0.00028711942465120543,366,42456,1,1.9413280247213578,-1.8675579971839509,4.813733823614033
367,0.00023774161105111213,367,42572,1,1.9529875199374387,-1.8642744784433822,4.808954315837401
368,0.0003664893574500949,368,42688,1,1.946146325269403,-1.8745344630750944,4.808769429278828
369,0.0002665244177597059,369,42804,1,1.9749807443430312,-1.8587616242517562,4.79940569408231
370,0.000160322460876966,370,42920,1,1.960635955869305,-1.874379090335362,4.801160078161175
371,0.0003099161137076756,371,43036,1,1.9355750138524814,-1.8982783103055136,4.805678611931089
372,0.0003514366904607269,372,43152,1,1.9772459659765498,-1.8726838363004288,4.792691123229952
373,0.00022332453353429704,373,43268,1,1.9884626346752792,-1.8697399783852364,4.787528457742974
374,0.0002820839808134745,374,43384,1,1.9663786514947978,-1.8910903967186745,4.791478094582039
375,0.00023584616958785554,375,43500,1,1.9837455596170526,-1.8835274739914962,4.784554947865461
376,0.00034601888138000025,376,43616,1,1.9774356602812144,-1.893372265965417,4.784163010318626
377,0.0003085906859733867,377,43732,1,2.003452460048437,-1.8795378649400734,4.7745073037589965
378,0.000155541006334442,378,43848,1,2.000819047438318,-1.8866042757886232,4.773006780414562
379,0.0002515289131435061,379,43964,1,1.9655399839825343,-1.918016043347608,4.780983226556238
380,0.00035521814445907407,380,44080,1,1.996987635538352,-1.8997607484932595,4.76954395848761
381,0.00024194074037781066,381,44196,1,2.020839933087432,-1.887501191911666,4.759955667380014
382,0.0002679947518670345,382,44312,1,2.0026798528018457,-1.9059302109398017,4.763126173718883
383,0.00025657201802081753,383,44428,1,2.012519289572437,-1.9038491104524926,4.757679732668601
384,0.0003011548829524313,384,44544,1,2.0139743499245606,-1.9079385411701288,4.754769021331448
385,0.00033893142628474426,385,44660,1,2.0271604232768534,-1.9034047242596928,4.7480653988103345
386,0.00017630692058140385,386,44776,1,2.037943453348341,-1.9006625316549828,4.741988314969804
387,0.00017469269451922398,387,44892,1,2.0043357120352026,-1.9306804956519872,4.750347307498573
388,0.0003337995047532072,388,45008,1,2.0077625792919602,-1.933306760847247,4.746699188179262
389,0.000302942607869644,389,45124,1,2.04893677538945,-1.9079516599037398,4.730322233004773
390,0.0002396351301271471,390,45240,1,2.04728913548382,-1.9142464891142232,4.728154703926086
391,0.00026798968467003914,391,45356,1,2.037737215609074,-1.9264001154008543,4.728704807606308
392,0.0002297485357369844,392,45472,1,2.048124956792976,-1.923837516450189,4.7223114134914335
393,0.0003420870991623637,393,45588,1,2.0432159694815337,-1.932591181316344,4.721228936018753
394,0.00025858055571142957,394,45704,1,2.070123037868673,-1.9178754884058873,4.708662454568801
395,0.0001549734351116716,395,45820,1,2.0579166497411023,-1.9319018646699555,4.710191761204937
396,0.00027555093159659094,396,45936,1,2.032513261036918,-1.9560785182533722,4.716515068769922
397,0.000335318520264527,397,46052,1,2.0694794121144575,-1.9335100845402085,4.6999325393642435
398,0.00020609745022512338,398,46168,1,2.084768587454691,-1.9273331171189607,4.691018742649382
399,0.0002618444586959534,399,46284,1,2.060673402586057,-1.9502001216866889,4.697172538588166
400,0.00023616856985334,400,46400,1,2.078386757690147,-1.942074978534023,4.687213486923081
401,0.0003016590044267464,401,46516,1,2.0763945776077257,-1.9485941621229903,4.684820734357011
402,0.000314956859003096,402,46632,1,2.094450309059602,-1.940265245606132,4.674358541534835
403,0.00015256939415070336,403,46748,1,2.100891548706796,-1.9405243924847053,4.668405184587611
404,0.0001752375817359042,404,46864,1,2.0632059293339893,-1.9737291526638319,4.6804357972263375
405,0.0003218625118315832,405,46980,1,2.075069394073593,-1.9697883402970575,4.672347264616162
406,0.00028214828544712023,406,47096,1,2.113988905951809,-1.9457950324997841,4.6526084241338
407,0.0002310747956387471,407,47212,1,2.110329212581864,-1.9534202787273278,4.650664235840107
408,0.0002565976258999958,408,47328,1,2.1027749592379776,-1.9639714847102776,4.650399887551739
409,0.00021319501973418586,409,47444,1,2.1127501263836024,-1.9614821034793941,4.642465837451107
410,0.0003239961083762455,410,47560,1,2.1060407826334577,-1.9714128895005303,4.641816902982188
411,0.0002506971654233636,411,47676,1,2.134100664279159,-1.9554879019997404,4.62546668672304
412,0.00014661407412400185,412,47792,1,2.1232467465959113,-1.968363840499874,4.626672520597875
413,0.0002521462608556513,413,47908,1,2.0964564674218735,-1.9934892140106242,4.635146128516227
414,0.00032028836287398277,414,48024,1,2.131466929085643,-1.971952517102359,4.615199718290272
415,0.00020212605507879955,415,48140,1,2.149209095465608,-1.963636554143691,4.602788284325875
416,0.0002469475756906314,416,48256,1,2.1266501161673084,-1.9852302103214572,4.609666978199909
417,0.0002348709147573791,417,48372,1,2.1420965254674513,-1.9784650827400179,4.598196377200473
418,0.00026813025668623314,418,48488,1,2.143154914039509,-1.9824558376530184,4.593602943736631
419,0.00030820830172595404,419,48604,1,2.1547170344042192,-1.9785945738289712,4.583679448901222
420,0.0001741375645762655,420,48720,1,2.1666912427780387,-1.9744460478754506,4.573330427381967
421,0.00013356701242780988,421,48836,1,2.1378304313283705,-2.000796551445116,4.583839240865394
422,0.00029037245228513697,422,48952,1,2.126650356148201,-2.014145668276134,4.585318558116239
423,0.00028959193833361097,423,49068,1,2.1750654965347285,-1.9822782915964412,4.5558065414947455
424,0.00020372533698881368,424,49184,1,2.1788469972446682,-1.984120289644774,4.549279515320767
425,0.00024686472688276173,425,49300,1,2.162571124766642,-2.0009515824961106,4.55355661538733
426,0.00020525512540600643,426,49416,1,2.177529848344038,-1.9943623911577126,4.5408638516977184
427,0.00029412157289912533,427,49532,1,2.1708753017609457,-2.003995818687054,4.539920740967418
428,0.0002732980209975977,428,49648,1,2.1954807541266077,-1.9901811709645063,4.5214032923994605
429,0.00013167913704667522,429,49764,1,2.1951844890519396,-1.9949594456084507,4.516755107550306
430,0.00018825227236865527,430,49880,1,2.1573725454666888,-2.0282643637141455,4.53348737481039
431,0.00030134229006958946,431,49996,1,2.1816724682269606,-2.014257763322567,4.514852165179942
432,0.0002464584296971162,432,50112,1,2.2126039432960662,-1.995572151420348,4.491638604803196
433,0.00021962992877649912,433,50228,1,2.2049702916673257,-2.0057568576746614,4.491145316203774
434,0.00023758929268485884,434,50344,1,2.2022925036436773,-2.0122705244057904,4.487659967091071
435,0.00019630988115171277,435,50460,1,2.210727616563074,-2.010403287416284,4.477334145201265
436,0.0002980992153182871,436,50576,1,2.203732694909482,-2.0201631144519054,4.476430054078473
437,0.00023328502660052708,437,50692,1,2.2316169220826403,-2.0036494755458674,4.453565797449119
438,0.00013541198792269005,438,50808,1,2.2214642015765453,-2.01565314449031,4.454619201089903
439,0.00022465952581943172,439,50924,1,2.194384985611239,-2.040789892201843,4.466438690837671
440,0.0002963382020695071,440,51040,1,2.227159250883438,-2.020160310804661,4.439932428903907
441,0.0002030454013819405,441,51156,1,2.2469674936061335,-2.009656030768594,4.421146337164453
442,0.00022610817080129242,442,51272,1,2.2292269862819873,-2.027345155524485,4.427306173718869
443,0.0002247342798846752,443,51388,1,2.2392987651217697,-2.024060539636763,4.414776427934849
444,0.00022585841125372097,444,51504,1,2.242872102911917,-2.0256785893651643,4.406491183593015
445,0.00029064664643738136,445,51620,1,2.2470781400855353,-2.0267982874731,4.397659002927307
446,0.0001969645989560731,446,51736,1,2.26544390936722,-2.017251050011492,4.378671410102884
447,0.00013183605567632095,447,51852,1,2.247099565193827,-2.0353548238567276,4.385597027033862
448,0.00024396068394885728,448,51968,1,2.2281979122462663,-2.054240304098715,4.3928623494519465
449,0.0002843117078877855,449,52084,1,2.2671523468341412,-2.0286222498684614,4.358749369064361
450,0.00018236858718007065,450,52200,1,2.2798303419969908,-2.023266612303006,4.342978435780262
451,0.00022666888683975372,451,52316,1,2.258371156255236,-2.043741228054549,4.352488205180771
452,0.0002121221960490749,452,52432,1,2.2746814538098525,-2.035482293978437,4.333821328633099
453,0.00024021224412759667,453,52548,1,2.27480491260186,-2.03955499187672,4.327136514296793
454,0.0002791783262606762,454,52664,1,2.285812849849103,-2.0353269815367145,4.31198438559925
455,0.00016898717282470832,455,52780,1,2.298317965894946,-2.0299792249818895,4.295366992444878
456,0.00012752720981162868,456,52896,1,2.2735927451466877,-2.0529667399101617,4.307925238272505
457,0.0002513467669303382,457,53012,1,2.261555789357707,-2.066524059281525,4.3105046978015835
458,0.00027125887814002936,458,53128,1,2.304018930783231,-2.0378622739285643,4.269742018880429
459,0.00017348806283948304,459,53244,1,2.3122782859464106,-2.0356401890323617,4.25577895996101
460,0.00022398755479630106,460,53360,1,2.2907124729283534,-2.056193940178523,4.266272333997331
461,0.00020192787904696474,461,53476,1,2.3091515105590186,-2.0460772297669125,4.243761027217015
462,0.00024389571945174215,462,53592,1,2.3071537893843415,-2.0516501949833286,4.23804974518045
463,0.000268087990689142,463,53708,1,2.321829007287281,-2.044492440722296,4.218118008089173
464,0.00015119055489154487,464,53824,1,2.3311470899495843,-2.041457342316667,4.202462377715467
465,0.00012774132478721167,465,53940,1,2.3024679099998906,-2.067458691000486,4.219551088460165
466,0.00025068869432690044,466,54056,1,2.2968557567073535,-2.075919164373086,4.21677571040976
467,0.0002604585376095314,467,54172,1,2.339069244879984,-2.047475635426032,4.172072461531758
468,0.0001738134186432816,468,54288,1,2.3451785427687315,-2.046860051305484,4.158613342468385
469,0.00021970573720830888,469,54404,1,2.3260679215205236,-2.065421023124492,4.167788310875527
470,0.0001950855170213539,470,54520,1,2.3433247366997385,-2.0562478743826005,4.144113856899827
471,0.00024006246702804046,471,54636,1,2.340491647732425,-2.062411144946263,4.138532791255213
472,0.0002593726598210111,472,54752,1,2.3562425191174787,-2.054444706276351,4.1156631681257245
473,0.00014367600228379351,473,54868,1,2.364578953115404,-2.052115617127341,4.099395120512581
474,0.00012092757017093114,474,54984,1,2.3349566861799755,-2.078731902029574,4.118812750078056
475,0.00024419630717986696,475,55100,1,2.3291579824183177,-2.0872572665383915,4.115855333042319
476,0.00025304867775460815,476,55216,1,2.3729436504930335,-2.057684188701849,4.065540144390201
477,0.00016937813830344983,477,55332,1,2.3788961474092694,-2.057129576083712,4.050933231695332
478,0.00021451954392140427,478,55448,1,2.360075910491704,-2.0754607228982196,4.060539746862309
479,0.0001916622913496202,479,55564,1,2.377407558583554,-2.0661922820478518,4.034595646103534
480,0.0002302524724114019,480,55680,1,2.374974879161134,-2.0720262322138936,4.028024781977647
481,0.0002532780642247878,481,55796,1,2.389288545322449,-2.0650516583823793,4.004511426064459
482,0.0001454989422959574,482,55912,1,2.39860684407848,-2.061894719097403,3.985745995182956
483,0.00011206732806817721,483,56028,1,2.3712598660994293,-2.0868042588349693,4.004430158612641
484,0.00023265694610313803,484,56144,1,2.360488481339029,-2.0990780241380467,4.006150803150427
485,0.00024857489594581894,485,56260,1,2.40562497551359,-2.0683617832892756,3.950152593581511
486,0.00016069134227295057,486,56376,1,2.413285212447147,-2.0664366339351776,3.932431604554191
487,0.00020835861820733825,487,56492,1,2.392694521313514,-2.0861853584654453,3.944612691677092
488,0.00019108928602637465,488,56608,1,2.4112462926368665,-2.075871499284549,3.9151435150911036
489,0.00021465931513686698,489,56724,1,2.410335509266235,-2.0805078822165575,3.906296614284064
490,0.00024875890410691603,490,56840,1,2.420805233755154,-2.0763908223585323,3.8849816036544107
491,0.0001549965553614696,491,56956,1,2.4330033967955482,-2.0709399369702264,3.861472201328812
492,0.00010997310348090372,492,57072,1,2.4104631466620003,-2.092214067347292,3.876264211690864
493,0.00021574932966417215,493,57188,1,2.395213834586048,-2.107937628793106,3.8829361272404856
494,0.0002454058057355102,494,57304,1,2.436862543223987,-2.079706897023298,3.8263894987911664
495,0.00014904047107330842,495,57420,1,2.447991636751256,-2.0750416101093054,3.803291838933638
496,0.0002005776041396068,496,57536,1,2.424119964486787,-2.0973664052132053,3.8200191818944855
497,0.00019256310110060681,497,57652,1,2.4446333262718563,-2.0854268218398744,3.7860267210860066
498,0.0001924921040999672,498,57768,1,2.446312036016613,-2.0880281969251855,3.7734224204290223
499,0.00024375505197671288,499,57884,1,2.450242060506149,-2.088885753605955,3.7580950075968502
500,0.00016987600003906533,500,58000,1,2.467305951660403,-2.0795912060619903,3.7270992049041998
501,0.0001068658466975847,501,58116,1,2.4512055700033883,-2.0959211985155557,3.7352358737129463
502,0.00019237605981112238,502,58232,1,2.4294394910275376,-2.11670948773339,3.749967702373417
503,0.00024103304222358735,503,58348,1,2.4660127868201385,-2.0922173167548084,3.6954731005325754
504,0.00016520410896453397,504,58464,5,2.4824414163746096,-2.0833705573685144,3.6643124120745414
505,0.00019014787907331576,505,58580,,2.4824414163746096,-2.0833705573685144,3.6643124120745414
506,0.00019537040846345777,506,58696,,2.4824414163746096,-2.0833705573685144,3.6643124120745414
507,0.00016244790398597941,507,58812,,2.4824414163746096,-2.0833705573685144,3.6643124120745414
508,0.00023537823936536917,508,58928,,2.4824414163746096,-2.0833705573685144,3.6643124120745414
509,0.000187167817454037,509,59044,5,2.5008428335307644,-2.08837359388646,3.5838207306497187
510,0.00010039778688913925,510,59160,,2.5008428335307644,-2.08837359388646,3.5838207306497187
511,0.0001620204918375001,511,59276,,2.5008428335307644,-2.08837359388646,3.5838207306497187
512,0.00023237104068965508,512,59392,,2.5008428335307644,-2.08837359388646,3.5838207306497187
513,0.00018576440311207643,513,59508,,2.5008428335307644,-2.08837359388646,3.5838207306497187
514,0.00017591514583062406,514,59624,5,2.5075718798451825,-2.1022997565145256,3.5155830051543404
515,0.00019350098292758577,515,59740,,2.5075718798451825,-2.1022997565145256,3.5155830051543404
516,0.00015347682713529043,516,59856,,2.5075718798451825,-2.1022997565145256,3.5155830051543404
517,0.0002202048161355219,517,59972,,2.5075718798451825,-2.1022997565145256,3.5155830051543404
518,0.00020313568488683487,518,60088,,2.5075718798451825,-2.1022997565145256,3.5155830051543404
519,0.0001003990598913429,519,60204,5,2.5322459811011933,-2.1021623602231605,3.421668853747046
520,0.00012062958468864182,520,60320,,2.5322459811011933,-2.1021623602231605,3.421668853747046
521,0.00021588898490276787,521,60436,,2.5322459811011933,-2.1021623602231605,3.421668853747046
522,0.0002032121331965453,522,60552,,2.5322459811011933,-2.1021623602231605,3.421668853747046
523,0.00015684646801084057,523,60668,,2.5322459811011933,-2.1021623602231605,3.421668853747046
524,0.00018944791233713176,524,60784,5,2.5379463331470062,-2.1166636135135075,3.350491743292383
525,0.00016752400435851578,525,60900,,2.5379463331470062,-2.1166636135135075,3.350491743292383
526,0.00019462768927233642,526,61016,,2.5379463331470062,-2.1166636135135075,3.350491743292383
527,0.00021304744676456377,527,61132,,2.5379463331470062,-2.1166636135135075,3.350491743292383
528,0.0001260496580870185,528,61248,,2.5379463331470062,-2.1166636135135075,3.350491743292383
529,8.83188300151716e-05,529,61364,5,2.5459658006422594,-2.1292863868969887,3.2744402721527233
530,0.00018889940297139862,530,61480,,2.5459658006422594,-2.1292863868969887,3.2744402721527233
531,0.00021248373492727124,531,61596,,2.5459658006422594,-2.1292863868969887,3.2744402721527233
532,0.00014830247040514832,532,61712,,2.5459658006422594,-2.1292863868969887,3.2744402721527233
533,0.00017942309987273308,533,61828,,2.5459658006422594,-2.1292863868969887,3.2744402721527233
534,0.00017614673529409153,534,61944,5,2.5849160466692482,-2.117549107385041,3.1532809867009144
535,0.00015563925960274116,535,62060,,2.5849160466692482,-2.117549107385041,3.1532809867009144
536,0.0002116663773741867,536,62176,,2.5849160466692482,-2.117549107385041,3.1532809867009144
537,0.00016259561783577015,537,62292,,2.5849160466692482,-2.117549107385041,3.1532809867009144
538,8.61736574074845e-05,538,62408,,2.5849160466692482,-2.117549107385041,3.1532809867009144
539,0.00014644109641581693,539,62524,5,2.5654202912951165,-2.1515567465127976,3.11246281368637
540,0.0002082018183083567,540,62640,,2.5654202912951165,-2.1515567465127976,3.11246281368637
541,0.00016694218125645754,541,62756,,2.5654202912951165,-2.1515567465127976,3.11246281368637
542,0.0001617287813142354,542,62872,,2.5654202912951165,-2.1515567465127976,3.11246281368637
543,0.00017933371870679227,543,62988,,2.5654202912951165,-2.1515567465127976,3.11246281368637
544,0.00014633883692044547,544,63104,5,2.624595392355748,-2.1235998305386006,2.9580117771086174
545,0.00019389724672858044,545,63220,,2.624595392355748,-2.1235998305386006,2.9580117771086174
546,0.00018838014349042975,546,63336,,2.624595392355748,-2.1235998305386006,2.9580117771086174
547,9.184684154806e-05,547,63452,,2.624595392355748,-2.1235998305386006,2.9580117771086174
548,8.984624894603499e-05,548,63568,,2.624595392355748,-2.1235998305386006,2.9580117771086174
549,0.00018580070372678503,549,63684,5,2.6076517574442937,-2.1552879760060626,2.911339470697961
550,0.0001907503830026469,550,63800,,2.6076517574442937,-2.1552879760060626,2.911339470697961
551,0.00013568350916703942,551,63916,,2.6076517574442937,-2.1552879760060626,2.911339470697961
552,0.00017300686777144136,552,64032,,2.6076517574442937,-2.1552879760060626,2.911339470697961
553,0.0001630013696893029,553,64148,,2.6076517574442937,-2.1552879760060626,2.911339470697961
554,0.00015561474086753235,554,64264,5,2.659256004864482,-2.13302367697914,2.7643088836339493
555,0.0001962687147042952,555,64380,,2.659256004864482,-2.13302367697914,2.7643088836339493
556,0.00014182925027064752,556,64496,,2.659256004864482,-2.13302367697914,2.7643088836339493
557,7.718331553269175e-05,557,64612,,2.659256004864482,-2.13302367697914,2.7643088836339493
558,0.0001425968398268418,558,64728,,2.659256004864482,-2.13302367697914,2.7643088836339493
559,0.00019332734302904275,559,64844,5,2.6720734324125783,-2.1410543400998945,2.672639830228162
560,0.00014965224063720473,560,64960,,2.6720734324125783,-2.1410543400998945,2.672639830228162
561,0.00015522088536759626,561,65076,,2.6720734324125783,-2.1410543400998945,2.672639830228162
562,0.00016966922532243855,562,65192,,2.6720734324125783,-2.1410543400998945,2.672639830228162
563,0.0001381411544524036,563,65308,,2.6720734324125783,-2.1410543400998945,2.672639830228162
564,0.00017977047057909923,564,65424,5,2.690345302579076,-2.144703396966773,2.5725665135627565
565,0.00017458067675088507,565,65540,,2.690345302579076,-2.144703396966773,2.5725665135627565
566,8.651083553562477e-05,566,65656,,2.690345302579076,-2.144703396966773,2.5725665135627565
567,8.224120479574659e-05,567,65772,,2.690345302579076,-2.144703396966773,2.5725665135627565
568,0.00016967689311830902,568,65888,,2.690345302579076,-2.144703396966773,2.5725665135627565
569,0.00017810904382839499,569,66004,5,2.721135140946313,-2.13849711149329,2.4543629078742475
570,0.0001259486964996226,570,66120,,2.721135140946313,-2.13849711149329,2.4543629078742475
571,0.00016276796341507804,571,66236,,2.721135140946313,-2.13849711149329,2.4543629078742475
572,0.00015688472970412648,572,66352,,2.721135140946313,-2.13849711149329,2.4543629078742475
573,0.00013510432432939368,573,66468,,2.721135140946313,-2.13849711149329,2.4543629078742475
574,0.00018129916020973025,574,66584,5,2.729103073620741,-2.149829310571446,2.3691710309650658
575,0.0001403152397800589,575,66700,,2.729103073620741,-2.149829310571446,2.3691710309650658
576,6.590411728213397e-05,576,66816,,2.729103073620741,-2.149829310571446,2.3691710309650658
577,0.00011857738745474355,577,66932,,2.729103073620741,-2.149829310571446,2.3691710309650658
578,0.00017647705240117495,578,67048,,2.729103073620741,-2.149829310571446,2.3691710309650658
579,0.00014963085575131485,579,67164,5,2.76304647093315,-2.1409450968375037,2.247570860109284
580,0.00014076618554662024,580,67280,,2.76304647093315,-2.1409450968375037,2.247570860109284
581,0.00016129973445189183,581,67396,,2.76304647093315,-2.1409450968375037,2.247570860109284
582,0.00013956038982518293,582,67512,,2.76304647093315,-2.1409450968375037,2.247570860109284
583,0.00015531328032153402,583,67628,,2.76304647093315,-2.1409450968375037,2.247570860109284
584,0.00016845751843155843,584,67744,5,2.7763046685370103,-2.147864236050513,2.156156195345002
585,0.00010225499786611913,585,67860,,2.7763046685370103,-2.147864236050513,2.156156195345002
586,6.044012306083424e-05,586,67976,,2.7763046685370103,-2.147864236050513,2.156156195345002
587,0.00014112662084783678,587,68092,,2.7763046685370103,-2.147864236050513,2.156156195345002
588,0.00016944914416688883,588,68208,,2.7763046685370103,-2.147864236050513,2.156156195345002
589,0.00011590244097106628,589,68324,5,2.8007789513924743,-2.146030126115475,2.0503882972550795
590,0.00014792436126406794,590,68440,,2.8007789513924743,-2.146030126115475,2.0503882972550795
591,0.00015418105973727392,591,68556,,2.8007789513924743,-2.146030126115475,2.0503882972550795
592,0.00012140207804925418,592,68672,,2.8007789513924743,-2.146030126115475,2.0503882972550795
593,0.00016120386522489039,593,68788,,2.8007789513924743,-2.146030126115475,2.0503882972550795
594,0.0001483278689724532,594,68904,5,2.818129510898029,-2.14951313781191,1.9559284455671975
595,6.615098089482463e-05,595,69020,,2.818129510898029,-2.14951313781191,1.9559284455671975
596,7.508479421683423e-05,596,69136,,2.818129510898029,-2.14951313781191,1.9559284455671975
597,0.0001507446916639843,597,69252,,2.818129510898029,-2.14951313781191,1.9559284455671975
598,0.00015460364117814152,598,69368,,2.818129510898029,-2.14951313781191,1.9559284455671975
599,0.00011738683121453874,599,69484,5,2.8359189975647308,-2.1525150212915163,1.8625720262992889
600,0.0001494417835153361,600,69600,,2.8359189975647308,-2.1525150212915163,1.8625720262992889
601,0.00014436802708053809,601,69716,,2.8359189975647308,-2.1525150212915163,1.8625720262992889
602,0.00011941654917071998,602,69832,,2.8359189975647308,-2.1525150212915163,1.8625720262992889
603,0.0001579366943849636,603,69948,,2.8359189975647308,-2.1525150212915163,1.8625720262992889
604,0.0001261426335559812,604,70064,5,2.856964182467641,-2.152894925250383,1.766998152229625
605,4.830545563613842e-05,605,70180,,2.856964182467641,-2.152894925250383,1.766998152229625
606,9.465460773541712e-05,606,70296,,2.856964182467641,-2.152894925250383,1.766998152229625
607,0.00015154062219344122,607,70412,,2.856964182467641,-2.152894925250383,1.766998152229625
608,0.00013670407400473428,608,70528,,2.856964182467641,-2.152894925250383,1.766998152229625
609,0.0001242715007851447,609,70644,5,2.8695438759672234,-2.159575528685589,1.6843175228760936
610,0.0001473447879534462,610,70760,,2.8695438759672234,-2.159575528685589,1.6843175228760936
611,0.0001340375277351924,611,70876,,2.8695438759672234,-2.159575528685589,1.6843175228760936
612,0.00012387068668934242,612,70992,,2.8695438759672234,-2.159575528685589,1.6843175228760936
613,0.00014975623247745484,613,71108,,2.8695438759672234,-2.159575528685589,1.6843175228760936
614,0.00010530888716206444,614,71224,5,2.89414858502505,-2.156973645956593,1.5891017734949202
615,4.4707586660891474e-05,615,71340,,2.89414858502505,-2.156973645956593,1.5891017734949202
616,0.00010545696379474223,616,71456,,2.89414858502505,-2.156973645956593,1.5891017734949202
617,0.00014706314925139186,617,71572,,2.89414858502505,-2.156973645956593,1.5891017734949202
618,0.0001190892385974085,618,71688,,2.89414858502505,-2.156973645956593,1.5891017734949202
619,0.00012735707901931348,619,71804,5,2.902533277747261,-2.1665476456561983,1.515861933232292
620,0.00014332097020605672,620,71920,,2.902533277747261,-2.1665476456561983,1.515861933232292
621,0.00012458280909902197,621,72036,,2.902533277747261,-2.1665476456561983,1.515861933232292
622,0.00012665435824540938,622,72152,,2.902533277747261,-2.1665476456561983,1.515861933232292
623,0.0001397460027396935,623,72268,,2.902533277747261,-2.1665476456561983,1.515861933232292
624,8.776408052610374e-05,624,72384,5,2.930566198808221,-2.1610782221523364,1.4223515938768583
625,3.8817792811701723e-05,625,72500,,2.930566198808221,-2.1610782221523364,1.4223515938768583
626,0.0001098292812044821,626,72616,,2.930566198808221,-2.1610782221523364,1.4223515938768583
627,0.00014002109909999616,627,72732,,2.930566198808221,-2.1610782221523364,1.4223515938768583
628,0.00010381512584584085,628,72848,,2.930566198808221,-2.1610782221523364,1.4223515938768583
629,0.0001277312504401884,629,72964,5,2.9356885714445404,-2.172830944770129,1.3573664941295889
630,0.00013859650082678754,630,73080,,2.9356885714445404,-2.172830944770129,1.3573664941295889
631,0.00011676408849886633,631,73196,,2.9356885714445404,-2.172830944770129,1.3573664941295889
632,0.0001251987188174153,632,73312,,2.9356885714445404,-2.172830944770129,1.3573664941295889
633,0.0001299053150896623,633,73428,,2.9356885714445404,-2.172830944770129,1.3573664941295889
634,7.439352017649115e-05,634,73544,5,2.9668423559826222,-2.164741276007647,1.266950564304721
635,3.4722401023645766e-05,635,73660,,2.9668423559826222,-2.164741276007647,1.266950564304721
636,0.00010969303484661963,636,73776,,2.9668423559826222,-2.164741276007647,1.266950564304721
637,0.00013225473608116656,637,73892,,2.9668423559826222,-2.164741276007647,1.266950564304721
638,9.480881258333573e-05,638,74008,,2.9668423559826222,-2.164741276007647,1.266950564304721
639,0.00012626146318259202,639,74124,5,2.971254935617537,-2.176759427577249,1.2073900279098426
640,0.00013398888891186234,640,74240,,2.971254935617537,-2.176759427577249,1.2073900279098426
641,0.0001108922916444044,641,74356,,2.971254935617537,-2.176759427577249,1.2073900279098426
642,0.0001211713354915267,642,74472,,2.971254935617537,-2.176759427577249,1.2073900279098426
643,0.00012134820977988126,643,74588,,2.971254935617537,-2.176759427577249,1.2073900279098426
644,6.53907374805196e-05,644,74704,5,3.0034015235282814,-2.16767195604482,1.1230797574374694
645,3.703359349294111e-05,645,74820,,3.0034015235282814,-2.16767195604482,1.1230797574374694
646,0.00010644033237566797,646,74936,,3.0034015235282814,-2.16767195604482,1.1230797574374694
647,0.00012483350182032615,647,75052,,3.0034015235282814,-2.16767195604482,1.1230797574374694
648,9.160806712177338e-05,648,75168,,3.0034015235282814,-2.16767195604482,1.1230797574374694
649,0.0001235463305072071,649,75284,5,3.0095859885072214,-2.178116419695746,1.0666532198554088
650,0.00012993270583150363,650,75400,,3.0095859885072214,-2.178116419695746,1.0666532198554088
651,0.00010698530580419141,651,75516,,3.0095859885072214,-2.178116419695746,1.0666532198554088
652,0.00011558787045326535,652,75632,,3.0095859885072214,-2.178116419695746,1.0666532198554088
653,0.00011452168913581029,653,75748,,3.0095859885072214,-2.178116419695746,1.0666532198554088
654,6.052559316668815e-05,654,75864,5,3.040443183144869,-2.1697703717883727,0.9908615910696883
655,3.525105901000525e-05,655,75980,,3.040443183144869,-2.1697703717883727,0.9908615910696883
656,0.00010094495801268866,656,76096,,3.040443183144869,-2.1697703717883727,0.9908615910696883
657,0.0001182051859634492,657,76212,,3.040443183144869,-2.1697703717883727,0.9908615910696883
658,8.997896689688645e-05,658,76328,,3.040443183144869,-2.1697703717883727,0.9908615910696883
659,0.00011992686285527965,659,76444,5,3.048653248807832,-2.178446449484996,0.9377346739748995
660,0.00012620425376549949,660,76560,,3.048653248807832,-2.178446449484996,0.9377346739748995
661,0.00010487745227219514,661,76676,,3.048653248807832,-2.178446449484996,0.9377346739748995
662,0.00010891858754866202,662,76792,,3.048653248807832,-2.178446449484996,0.9377346739748995
663,0.00010938717507111284,663,76908,,3.048653248807832,-2.178446449484996,0.9377346739748995
664,5.931529856204043e-05,664,77024,5,3.0780218142210027,-2.1709989425074903,0.8703457249439361
665,2.971574738663829e-05,665,77140,,3.0780218142210027,-2.1709989425074903,0.8703457249439361
666,9.363415876337267e-05,666,77256,,3.0780218142210027,-2.1709989425074903,0.8703457249439361
667,0.00011234166903953402,667,77372,,3.0780218142210027,-2.1709989425074903,0.8703457249439361
668,8.968496522299141e-05,668,77488,,3.0780218142210027,-2.1709989425074903,0.8703457249439361
669,0.00011552746780094103,669,77604,5,3.088344918387243,-2.177842672558684,0.8207527371914038
670,0.0001230943884237834,670,77720,,3.088344918387243,-2.177842672558684,0.8207527371914038
671,0.00010428405597295853,671,77836,,3.088344918387243,-2.177842672558684,0.8207527371914038
672,0.00010120540005337242,672,77952,,3.088344918387243,-2.177842672558684,0.8207527371914038
673,0.00010554912241866887,673,78068,,3.088344918387243,-2.177842672558684,0.8207527371914038
674,6.111417026999355e-05,674,78184,5,3.116024391627785,-2.1714494401262034,0.7614468220459454
675,2.0907458590652128e-05,675,78300,,3.116024391627785,-2.1714494401262034,0.7614468220459454
676,8.458153113835576e-05,676,78416,,3.116024391627785,-2.1714494401262034,0.7614468220459454
677,0.00010685678509117502,677,78532,,3.116024391627785,-2.1714494401262034,0.7614468220459454
678,9.00560822488794e-05,678,78648,,3.116024391627785,-2.1714494401262034,0.7614468220459454
679,0.00011030980143569846,679,78764,5,3.128243214782311,-2.176571735082627,0.7157102245187481
680,0.00012019947957567223,680,78880,,3.128243214782311,-2.176571735082627,0.7157102245187481
681,0.00010483075341852222,681,78996,,3.128243214782311,-2.176571735082627,0.7157102245187481
682,9.218037875144414e-05,682,79112,,3.128243214782311,-2.176571735082627,0.7157102245187481
683,0.00010234427170113802,683,79228,,3.128243214782311,-2.176571735082627,0.7157102245187481
684,6.514760943956976e-05,684,79344,5,3.154126590298027,-2.171303350642506,0.6639436484611936
685,1.935561757596127e-05,685,79460,,3.154126590298027,-2.171303350642506,0.6639436484611936
686,7.361440626929561e-05,686,79576,,3.154126590298027,-2.171303350642506,0.6639436484611936
687,0.00010110596892826118,687,79692,,3.154126590298027,-2.171303350642506,0.6639436484611936
688,9.00139290604951e-05,688,79808,,3.154126590298027,-2.171303350642506,0.6639436484611936
689,0.0001041334926267512,689,79924,5,3.167710963438964,-2.1750475658792006,0.6223942726977894
690,0.00011712247548059662,690,80040,,3.167710963438964,-2.1750475658792006,0.6223942726977894
691,0.00010606056738751701,691,80156,,3.167710963438964,-2.1750475658792006,0.6223942726977894
692,8.48889821811194e-05,692,80272,,3.167710963438964,-2.1750475658792006,0.6223942726977894
693,9.890498077522181e-05,693,80388,,3.167710963438964,-2.1750475658792006,0.6223942726977894
694,7.050822057907968e-05,694,80504,5,3.1918589072093173,-2.1708181654714287,0.5774372493484803
695,2.0024455665706986e-05,695,80620,,3.1918589072093173,-2.1708181654714287,0.5774372493484803
696,6.04270536268825e-05,696,80736,,3.1918589072093173,-2.1708181654714287,0.5774372493484803
697,9.42733385695671e-05,697,80852,,3.1918589072093173,-2.1708181654714287,0.5774372493484803
698,8.821311326978609e-05,698,80968,,3.1918589072093173,-2.1708181654714287,0.5774372493484803
699,9.682150357512298e-05,699,81084,5,3.206023809912635,-2.1737891054600205,0.5403247676475307
700,0.00011339558500100821,700,81200,,3.206023809912635,-2.1737891054600205,0.5403247676475307
701,0.0001074308844199734,701,81316,,3.206023809912635,-2.1737891054600205,0.5403247676475307
702,8.155843141860464e-05,702,81432,,3.206023809912635,-2.1737891054600205,0.5403247676475307
703,9.42198613760048e-05,703,81548,,3.206023809912635,-2.1737891054600205,0.5403247676475307
704,7.61330196938359e-05,704,81664,5,3.2287083450439917,-2.17038029810928,0.5013342682877464
705,2.2276332654252995e-05,705,81780,,3.2287083450439917,-2.17038029810928,0.5013342682877464
706,4.470015070559552e-05,706,81896,,3.2287083450439917,-2.17038029810928,0.5013342682877464
707,8.546113910390396e-05,707,82012,,3.2287083450439917,-2.17038029810928,0.5013342682877464
708,8.55048179620177e-05,708,82128,,3.2287083450439917,-2.17038029810928,0.5013342682877464
709,8.82267098006595e-05,709,82244,5,3.243647756055663,-2.1725012803290706,0.46828545445508896
710,0.00010852411759243452,710,82360,,3.243647756055663,-2.1725012803290706,0.46828545445508896
711,0.00010831227936905496,711,82476,,3.243647756055663,-2.1725012803290706,0.46828545445508896
712,8.763380323442704e-05,712,82592,,3.243647756055663,-2.1725012803290706,0.46828545445508896
713,8.721207199963166e-05,713,82708,,3.243647756055663,-2.1725012803290706,0.46828545445508896
714,8.078486893611792e-05,714,82824,5,3.2640560263201506,-2.1704993000622443,0.43495337005866963
715,3.691306459913113e-05,715,82940,,3.2640560263201506,-2.1704993000622443,0.43495337005866963
716,2.6226651376581867e-05,716,83056,,3.2640560263201506,-2.1704993000622443,0.43495337005866963
717,7.379533605622601e-05,717,83172,,3.2640560263201506,-2.1704993000622443,0.43495337005866963
718,8.540761261538465e-05,718,83288,,3.2640560263201506,-2.1704993000622443,0.43495337005866963
719,7.829384564558839e-05,719,83404,5,3.282507458138934,-2.169792377906436,0.40455114120526314
720,0.00010205651575553865,720,83520,,3.282507458138934,-2.169792377906436,0.40455114120526314
721,0.00010800488290449439,721,83636,,3.282507458138934,-2.169792377906436,0.40455114120526314
722,9.347225086792088e-05,722,83752,,3.282507458138934,-2.169792377906436,0.40455114120526314
723,7.688468218328137e-05,723,83868,,3.282507458138934,-2.169792377906436,0.40455114120526314
724,8.307374187924155e-05,724,83984,5,3.297000643793125,-2.1718195433254137,0.3775506176320982
725,5.100931427487465e-05,725,84100,,3.297000643793125,-2.1718195433254137,0.3775506176320982
726,1.614829239057758e-05,726,84216,,3.297000643793125,-2.1718195433254137,0.3775506176320982
727,5.855525628203906e-05,727,84332,,3.297000643793125,-2.1718195433254137,0.3775506176320982
728,8.192121082342685e-05,728,84448,,3.297000643793125,-2.1718195433254137,0.3775506176320982
729,7.748934189341639e-05,729,84564,5,3.3192712580370523,-2.168075435204144,0.3495705088983607
730,9.366808401661819e-05,730,84680,,3.3192712580370523,-2.168075435204144,0.3495705088983607
731,0.00010579335607685536,731,84796,,3.3192712580370523,-2.168075435204144,0.3495705088983607
732,9.829223776200435e-05,732,84912,,3.3192712580370523,-2.168075435204144,0.3495705088983607
733,7.430759977652968e-05,733,85028,,3.3192712580370523,-2.168075435204144,0.3495705088983607
734,8.154926629069803e-05,734,85144,5,3.3340525149566926,-2.1696127596007324,0.3259054160378372
735,6.306362452643266e-05,735,85260,,3.3340525149566926,-2.1696127596007324,0.3259054160378372
736,2.011449275454713e-05,736,85376,,3.3340525149566926,-2.1696127596007324,0.3259054160378372
737,3.932400972869732e-05,737,85492,,3.3340525149566926,-2.1696127596007324,0.3259054160378372
738,7.384906918572742e-05,738,85608,,3.3340525149566926,-2.1696127596007324,0.3259054160378372
739,7.29500341559719e-05,739,85724,5,3.3529925645244822,-2.1680090342160097,0.3025040095822136
740,8.323789787181846e-05,740,85840,,3.3529925645244822,-2.1680090342160097,0.3025040095822136
741,0.00010105029913332064,741,85956,,3.3529925645244822,-2.1680090342160097,0.3025040095822136
742,0.00010118582240434271,742,86072,,3.3529925645244822,-2.1680090342160097,0.3025040095822136
743,8.348241907896181e-05,743,86188,,3.3529925645244822,-2.1680090342160097,0.3025040095822136
744,7.484989783804186e-05,744,86304,5,3.3777227216001333,-2.162115518605269,0.2790829216363995
745,7.132455139313709e-05,745,86420,,3.3777227216001333,-2.162115518605269,0.2790829216363995
746,3.4808572953543004e-05,746,86536,,3.3777227216001333,-2.162115518605269,0.2790829216363995
747,1.746711781969168e-05,747,86652,,3.3777227216001333,-2.162115518605269,0.2790829216363995
748,6.030411301419236e-05,748,86768,,3.3777227216001333,-2.162115518605269,0.2790829216363995
749,7.43195808609598e-05,749,86884,5,3.3820958281453097,-2.1707025161279865,0.262655679697648
750,7.092075500617079e-05,750,87000,,3.3820958281453097,-2.1707025161279865,0.262655679697648
751,9.3370364054296e-05,751,87116,,3.3820958281453097,-2.1707025161279865,0.262655679697648
752,0.00010121931907625115,752,87232,,3.3820958281453097,-2.1707025161279865,0.262655679697648
753,9.112415035492094e-05,753,87348,,3.3820958281453097,-2.1707025161279865,0.262655679697648
754,6.94251261734169e-05,754,87464,5,3.419713295630665,-2.155333840916511,0.23905671104885684
755,7.395818043084978e-05,755,87580,,3.419713295630665,-2.155333840916511,0.23905671104885684
756,5.1957825281390146e-05,756,87696,,3.419713295630665,-2.155333840916511,0.23905671104885684
757,1.5695079886551833e-05,757,87812,,3.419713295630665,-2.155333840916511,0.23905671104885684
758,4.092747699163679e-05,758,87928,,3.419713295630665,-2.155333840916511,0.23905671104885684
759,6.891513435364205e-05,759,88044,5,3.402901153690656,-2.178769872866998,0.229781507756178
760,6.506990661100942e-05,760,88160,,3.402901153690656,-2.178769872866998,0.229781507756178
761,8.269126579249497e-05,761,88276,,3.402901153690656,-2.178769872866998,0.229781507756178
762,9.761680519396188e-05,762,88392,,3.402901153690656,-2.178769872866998,0.229781507756178
763,9.602891164833816e-05,763,88508,,3.402901153690656,-2.178769872866998,0.229781507756178
764,7.849913833379851e-05,764,88624,5,3.459771448543718,-2.1494276675376076,0.20492260533407425
765,6.930054869930258e-05,765,88740,,3.459771448543718,-2.1494276675376076,0.20492260533407425
766,6.371488601888964e-05,766,88856,,3.459771448543718,-2.1494276675376076,0.20492260533407425
767,3.0528977099153476e-05,767,88972,,3.459771448543718,-2.1494276675376076,0.20492260533407425
768,1.6111555268316646e-05,768,89088,,3.459771448543718,-2.1494276675376076,0.20492260533407425
769,5.585411925690398e-05,769,89204,5,3.3999684911232286,-2.203317934130774,0.20605652241698236
770,6.759434783065732e-05,770,89320,,3.3999684911232286,-2.203317934130774,0.20605652241698236
771,6.939940973776926e-05,771,89436,,3.3999684911232286,-2.203317934130774,0.20605652241698236
772,8.996953279524766e-05,772,89552,,3.3999684911232286,-2.203317934130774,0.20605652241698236
773,9.700904287704426e-05,773,89668,,3.3999684911232286,-2.203317934130774,0.20605652241698236
774,8.76150711922874e-05,774,89784,5,3.4976252510596737,-2.1445671531100556,0.17587168288591304
775,6.646795501885627e-05,775,89900,,3.4976252510596737,-2.1445671531100556,0.17587168288591304
776,6.779027468284404e-05,776,90016,,3.4976252510596737,-2.1445671531100556,0.17587168288591304
777,4.8139675708575025e-05,777,90132,,3.4976252510596737,-2.1445671531100556,0.17587168288591304
778,1.6430436334147203e-05,778,90248,,3.4976252510596737,-2.1445671531100556,0.17587168288591304
779,3.5108320059401565e-05,779,90364,5,3.439030363103585,-2.196965802008452,0.17664682359665207
780,6.226584159102488e-05,780,90480,,3.439030363103585,-2.196965802008452,0.17664682359665207
781,5.9317747117426656e-05,781,90596,,3.439030363103585,-2.196965802008452,0.17664682359665207
782,7.841592816507093e-05,782,90712,,3.439030363103585,-2.196965802008452,0.17664682359665207
783,9.318278553097081e-05,783,90828,,3.439030363103585,-2.196965802008452,0.17664682359665207
784,9.297928464835348e-05,784,90944,5,3.5329767887982424,-2.1409371753520525,0.15118983578735357
785,7.784313574019097e-05,785,91060,,3.5329767887982424,-2.1409371753520525,0.15118983578735357
786,6.451199867762991e-05,786,91176,,3.5329767887982424,-2.1409371753520525,0.15118983578735357
787,6.033814318862074e-05,787,91292,,3.5329767887982424,-2.1409371753520525,0.15118983578735357
788,3.142884692677872e-05,788,91408,,3.5329767887982424,-2.1409371753520525,0.15118983578735357
789,9.476271455061136e-06,789,91524,5,3.504693348511367,-2.1712232087463654,0.14702805107369343
790,4.720996486928808e-05,790,91640,,3.504693348511367,-2.1712232087463654,0.14702805107369343
791,6.212015011183847e-05,791,91756,,3.504693348511367,-2.1712232087463654,0.14702805107369343
792,6.379782287599389e-05,792,91872,,3.504693348511367,-2.1712232087463654,0.14702805107369343
793,8.429082401792409e-05,793,91988,,3.504693348511367,-2.1712232087463654,0.14702805107369343
794,9.318122634302539e-05,794,92104,5,3.56536398310998,-2.1388710136854074,0.13026518694334
795,8.695327070676329e-05,795,92220,,3.56536398310998,-2.1388710136854074,0.13026518694334
796,6.807742484810086e-05,796,92336,,3.56536398310998,-2.1388710136854074,0.13026518694334
797,6.242378815288219e-05,797,92452,,3.56536398310998,-2.1388710136854074,0.13026518694334
798,4.958688265538358e-05,798,92568,,3.56536398310998,-2.1388710136854074,0.13026518694334
799,2.0718622520427e-05,799,92684,5,3.561040248813696,-2.1519402841452906,0.12350749448164988
800,2.3157147250374432e-05,800,92800,,3.561040248813696,-2.1519402841452906,0.12350749448164988
801,5.355365911507981e-05,801,92916,,3.561040248813696,-2.1519402841452906,0.12350749448164988
802,5.748897632709693e-05,802,93032,,3.561040248813696,-2.1519402841452906,0.12350749448164988
803,7.095416347216443e-05,803,93148,,3.561040248813696,-2.1519402841452906,0.12350749448164988
804,8.743251212214864e-05,804,93264,5,3.5942856561249763,-2.1387195693428267,0.11256475806951327
805,9.095041480797206e-05,805,93380,,3.5942856561249763,-2.1387195693428267,0.11256475806951327
806,8.011182043624054e-05,806,93496,,3.5942856561249763,-2.1387195693428267,0.11256475806951327
807,6.287407107594123e-05,807,93612,,3.5942856561249763,-2.1387195693428267,0.11256475806951327
808,5.8668772118297685e-05,808,93728,,3.5942856561249763,-2.1387195693428267,0.11256475806951327
809,3.7598533148913704e-05,809,93844,5,3.6042740248033667,-2.1415426247000577,0.10511123000656397
810,1.1775228467347798e-05,810,93960,,3.6042740248033667,-2.1415426247000577,0.10511123000656397
811,3.377986141966938e-05,811,94076,,3.6042740248033667,-2.1415426247000577,0.10511123000656397
812,5.552482313336826e-05,812,94192,,3.6042740248033667,-2.1415426247000577,0.10511123000656397
813,5.478153658683427e-05,813,94308,,3.6042740248033667,-2.1415426247000577,0.10511123000656397
814,7.597987007029738e-05,814,94424,5,3.6192775455315775,-2.1407646356860104,0.09762238183624916
815,8.843824780266352e-05,815,94540,,3.6192775455315775,-2.1407646356860104,0.09762238183624916
816,8.740770010309817e-05,816,94656,,3.6192775455315775,-2.1407646356860104,0.09762238183624916
817,7.330629437860003e-05,817,94772,,3.6192775455315775,-2.1407646356860104,0.09762238183624916
818,6.0736035541686384e-05,818,94888,,3.6192775455315775,-2.1407646356860104,0.09762238183624916
819,5.271413454521756e-05,819,95004,5,3.641241528403923,-2.135090791353651,0.08998318590386978
820,2.8017260116863785e-05,820,95120,,3.641241528403923,-2.135090791353651,0.08998318590386978
821,1.1507832986645816e-05,821,95236,,3.641241528403923,-2.135090791353651,0.08998318590386978
822,4.046561980372565e-05,822,95352,,3.641241528403923,-2.135090791353651,0.08998318590386978
823,5.448714588601744e-05,823,95468,,3.641241528403923,-2.135090791353651,0.08998318590386978
824,6.033375046204936e-05,824,95584,5,3.654358318949181,-2.135373229725727,0.08371525457500262
825,7.916342822561484e-05,825,95700,,3.654358318949181,-2.135373229725727,0.08371525457500262
826,8.793987851105078e-05,826,95816,,3.654358318949181,-2.135373229725727,0.08371525457500262
827,8.329791187655644e-05,827,95932,,3.654358318949181,-2.135373229725727,0.08371525457500262
828,6.707755919815872e-05,828,96048,,3.654358318949181,-2.135373229725727,0.08371525457500262
829,5.78218507115702e-05,829,96164,5,3.680214320785496,-2.126872133273812,0.07681626330978952
830,4.5882473401648305e-05,830,96280,,3.680214320785496,-2.126872133273812,0.07681626330978952
831,2.132961116216303e-05,831,96396,,3.680214320785496,-2.126872133273812,0.07681626330978952
832,1.4052130905300997e-05,832,96512,,3.680214320785496,-2.126872133273812,0.07681626330978952
833,4.410994027201354e-05,833,96628,,3.680214320785496,-2.126872133273812,0.07681626330978952
834,5.162982790668513e-05,834,96744,5,3.680606984348789,-2.13553877100908,0.07243633075131406
835,6.442297025482935e-05,835,96860,,3.680606984348789,-2.13553877100908,0.07243633075131406
836,8.087639228954169e-05,836,96976,,3.680606984348789,-2.13553877100908,0.07243633075131406
837,8.650795423117974e-05,837,97092,,3.680606984348789,-2.13553877100908,0.07243633075131406
838,7.916583283651413e-05,838,97208,,3.680606984348789,-2.13553877100908,0.07243633075131406
839,6.172094123946259e-05,839,97324,5,3.7211392515808392,-2.116984008644771,0.06539648438816581
840,5.4630232299762715e-05,840,97440,,3.7211392515808392,-2.116984008644771,0.06539648438816581
841,3.9114809044143994e-05,841,97556,,3.7211392515808392,-2.116984008644771,0.06539648438816581
842,1.5949937897469235e-05,842,97672,,3.7211392515808392,-2.116984008644771,0.06539648438816581
843,2.0364164132286033e-05,843,97788,,3.7211392515808392,-2.116984008644771,0.06539648438816581
844,4.556024019236604e-05,844,97904,5,3.684943320076986,-2.150915470665131,0.06426205108611116
845,4.905344841141246e-05,845,98020,,3.684943320076986,-2.150915470665131,0.06426205108611116
846,6.721078323140839e-05,846,98136,,3.684943320076986,-2.150915470665131,0.06426205108611116
847,8.149488293346385e-05,847,98252,,3.684943320076986,-2.150915470665131,0.06426205108611116
848,8.460542998806053e-05,848,98368,,3.684943320076986,-2.150915470665131,0.06426205108611116
849,7.537372947324927e-05,849,98484,5,3.757384117148307,-2.109896886950218,0.05592099734367739
850,5.848445927220114e-05,850,98600,,3.757384117148307,-2.109896886950218,0.05592099734367739
851,5.154245114169509e-05,851,98716,,3.757384117148307,-2.109896886950218,0.05592099734367739
852,3.3608663455558796e-05,852,98832,,3.757384117148307,-2.109896886950218,0.05592099734367739
853,1.3613840749771011e-05,853,98948,,3.757384117148307,-2.109896886950218,0.05592099734367739
854,2.4369127598733442e-05,854,99064,5,3.704231511461046,-2.156075423862622,0.05610504266498628
855,4.553852989891416e-05,855,99180,,3.704231511461046,-2.156075423862622,0.05610504266498628
856,4.9805682573983434e-05,856,99296,,3.704231511461046,-2.156075423862622,0.05610504266498628
857,6.889689837111246e-05,857,99412,,3.704231511461046,-2.156075423862622,0.05610504266498628
858,8.135069670830997e-05,858,99528,,3.704231511461046,-2.156075423862622,0.05610504266498628
859,8.257497460173457e-05,859,99644,5,3.788881672855562,-2.105578240674318,0.04803940234838855
860,7.21366671697643e-05,860,99760,,3.788881672855562,-2.105578240674318,0.04803940234838855
861,5.7348742386720275e-05,861,99876,,3.788881672855562,-2.105578240674318,0.04803940234838855
862,4.8827868802475693e-05,862,99992,,3.788881672855562,-2.105578240674318,0.04803940234838855
863,3.013359018660955e-05,863,100108,,3.788881672855562,-2.105578240674318,0.04803940234838855
864,1.4145895754047455e-05,864,100224,5,3.7676695294800915,-2.128437329717737,0.04642666599605283
865,2.6544455485999485e-05,865,100340,,3.7676695294800915,-2.128437329717737,0.04642666599605283
866,4.460806600728451e-05,866,100456,,3.7676695294800915,-2.128437329717737,0.04642666599605283
867,5.162235614419863e-05,867,100572,,3.7676695294800915,-2.128437329717737,0.04642666599605283
868,6.967683897471377e-05,868,100688,,3.7676695294800915,-2.128437329717737,0.04642666599605283
869,8.070701689352755e-05,869,100804,5,3.8154884119304566,-2.104111790441523,0.04147551580891795
870,8.064717828101808e-05,870,100920,,3.8154884119304566,-2.104111790441523,0.04147551580891795
871,6.956143409539428e-05,871,101036,,3.8154884119304566,-2.104111790441523,0.04147551580891795
872,5.618265353163343e-05,872,101152,,3.8154884119304566,-2.104111790441523,0.04147551580891795
873,4.6661099243533455e-05,873,101268,,3.8154884119304566,-2.104111790441523,0.04147551580891795
874,2.762315768273238e-05,874,101384,5,3.81668619910191,-2.111471941275985,0.03907397455432715
875,1.4794622045372074e-05,875,101500,,3.81668619910191,-2.111471941275985,0.03907397455432715
876,2.7283178179404732e-05,876,101616,,3.81668619910191,-2.111471941275985,0.03907397455432715
877,4.341677114325093e-05,877,101732,,3.81668619910191,-2.111471941275985,0.03907397455432715
878,5.2540417586455224e-05,878,101848,,3.81668619910191,-2.111471941275985,0.03907397455432715
879,6.971816142117837e-05,879,101964,5,3.8371403740581975,-2.10573691568736,0.036008408642314915
880,7.975346973421171e-05,880,102080,,3.8371403740581975,-2.10573691568736,0.036008408642314915
881,7.895964444470938e-05,881,102196,,3.8371403740581975,-2.10573691568736,0.036008408642314915
882,6.768154171410412e-05,882,102312,,3.8371403740581975,-2.10573691568736,0.036008408642314915
883,5.51270164734774e-05,883,102428,,3.8371403740581975,-2.10573691568736,0.036008408642314915
884,4.514273951217174e-05,884,102544,5,3.8548113656895393,-2.1018246034148684,0.03328583120089723
885,2.606709493913062e-05,885,102660,,3.8548113656895393,-2.1018246034148684,0.03328583120089723
886,1.5444941502434917e-05,886,102776,,3.8548113656895393,-2.1018246034148684,0.03328583120089723
887,2.735062575695557e-05,887,102892,,3.8548113656895393,-2.1018246034148684,0.03328583120089723
888,4.347491120884617e-05,888,103008,,3.8548113656895393,-2.1018246034148684,0.03328583120089723
889,5.2650813810173336e-05,889,103124,5,3.8620802771125975,-2.1049386384815074,0.031145417374078388
890,6.91479685152041e-05,890,103240,,3.8620802771125975,-2.1049386384815074,0.031145417374078388
891,7.860775291451683e-05,891,103356,,3.8620802771125975,-2.1049386384815074,0.031145417374078388
892,7.757405172983955e-05,892,103472,,3.8620802771125975,-2.1049386384815074,0.031145417374078388
893,6.648116214100219e-05,893,103588,,3.8620802771125975,-2.1049386384815074,0.031145417374078388
894,5.4249158695174327e-05,894,103704,5,3.8928874201244676,-2.0919396807339634,0.028340262332339883
895,4.431410629410215e-05,895,103820,,3.8928874201244676,-2.0919396807339634,0.028340262332339883
896,2.5432642895645285e-05,896,103936,,3.8928874201244676,-2.0919396807339634,0.028340262332339883
897,1.604501695792737e-05,897,104052,,3.8928874201244676,-2.0919396807339634,0.028340262332339883
898,2.715579113649058e-05,898,104168,,3.8928874201244676,-2.0919396807339634,0.028340262332339883
899,4.311182900604282e-05,899,104284,5,3.876943894040437,-2.1110901226903453,0.027276846081027983
900,5.2035434707109474e-05,900,104400,,3.876943894040437,-2.1110901226903453,0.027276846081027983
901,6.804981797603471e-05,901,104516,,3.876943894040437,-2.1110901226903453,0.027276846081027983
902,7.732327788492754e-05,902,104632,,3.876943894040437,-2.1110901226903453,0.027276846081027983
903,7.649175215004855e-05,903,104748,,3.876943894040437,-2.1110901226903453,0.027276846081027983
904,6.591125987662205e-05,904,104864,5,3.92850472150944,-2.0834369473164376,0.024185214795405585
905,5.354510667462953e-05,905,104980,,3.92850472150944,-2.0834369473164376,0.024185214795405585
906,4.416822396255404e-05,906,105096,,3.92850472150944,-2.0834369473164376,0.024185214795405585
907,2.5682340914351398e-05,907,105212,,3.92850472150944,-2.0834369473164376,0.024185214795405585
908,1.6594884028886536e-05,908,105328,,3.92850472150944,-2.0834369473164376,0.024185214795405585
909,2.6064181956581e-05,909,105444,5,3.8911767211437143,-2.1177470486769896,0.023935029765303817
910,4.236825745584927e-05,910,105560,,3.8911767211437143,-2.1177470486769896,0.023935029765303817
911,5.076380832150229e-05,911,105676,,3.8911767211437143,-2.1177470486769896,0.023935029765303817
912,6.646722976522135e-05,912,105792,,3.8911767211437143,-2.1177470486769896,0.023935029765303817
913,7.589876160923881e-05,913,105908,,3.8911767211437143,-2.1177470486769896,0.023935029765303817
914,7.56654455060235e-05,914,106024,5,3.9582749570035958,-2.0785009669907053,0.02077269839314866
915,6.58980733785064e-05,915,106140,,3.9582749570035958,-2.0785009669907053,0.02077269839314866
916,5.293850543494627e-05,916,106256,,3.9582749570035958,-2.0785009669907053,0.02077269839314866
917,4.4651797336398014e-05,917,106372,,3.9582749570035958,-2.0785009669907053,0.02077269839314866
918,2.67825288786383e-05,918,106488,,3.9582749570035958,-2.0785009669907053,0.02077269839314866
919,1.7137171936160156e-05,919,106604,5,3.9378999978947116,-2.100115110419607,0.020124183959020492
920,2.403277577703311e-05,920,106720,,3.9378999978947116,-2.100115110419607,0.020124183959020492
921,4.119417112002921e-05,921,106836,,3.9378999978947116,-2.100115110419607,0.020124183959020492
922,4.889608133298862e-05,922,106952,,3.9378999978947116,-2.100115110419607,0.020124183959020492
923,6.441130808559903e-05,923,107068,,3.9378999978947116,-2.100115110419607,0.020124183959020492
924,7.428796269351445e-05,924,107184,5,3.98222641760946,-2.077030987351786,0.01796451344625849
925,7.500670155224931e-05,925,107300,,3.98222641760946,-2.077030987351786,0.01796451344625849
926,6.634533188479286e-05,926,107416,,3.98222641760946,-2.077030987351786,0.01796451344625849
927,5.227775978389193e-05,927,107532,,3.98222641760946,-2.077030987351786,0.01796451344625849
928,4.565596161071328e-05,928,107648,,3.98222641760946,-2.077030987351786,0.01796451344625849
929,2.8701177216677864e-05,929,107764,5,3.9853585485854444,-2.0821444142398824,0.016895648843044064
930,1.774887418701243e-05,930,107880,,3.9853585485854444,-2.0821444142398824,0.016895648843044064
931,2.098512964424093e-05,931,107996,,3.9853585485854444,-2.0821444142398824,0.016895648843044064
932,3.94382237375035e-05,932,108112,,3.9853585485854444,-2.0821444142398824,0.016895648843044064
933,4.649088442243432e-05,933,108228,,3.9853585485854444,-2.0821444142398824,0.016895648843044064
934,6.187231518001157e-05,934,108344,5,4.00048356580822,-2.07906499174669,0.01565074622404694
935,7.24108413414637e-05,935,108460,,4.00048356580822,-2.07906499174669,0.01565074622404694
936,7.439195100367169e-05,936,108576,,4.00048356580822,-2.07906499174669,0.01565074622404694
937,6.713266616201197e-05,937,108692,,4.00048356580822,-2.07906499174669,0.01565074622404694
938,5.330499841948999e-05,938,108808,,4.00048356580822,-2.07906499174669,0.01565074622404694
939,4.699530729279644e-05,939,108924,5,4.019316993722527,-2.0733921849605412,0.014426008424482273
940,3.1391613683651176e-05,940,109040,,4.019316993722527,-2.0733921849605412,0.014426008424482273
941,1.853357823680679e-05,941,109156,,4.019316993722527,-2.0733921849605412,0.014426008424482273
942,2.0201871190422827e-05,942,109272,,4.019316993722527,-2.0733921849605412,0.014426008424482273
943,3.6846413305813286e-05,943,109388,,4.019316993722527,-2.0733921849605412,0.014426008424482273
944,4.381697148489461e-05,944,109504,5,4.021606359160048,-2.0788798080882414,0.013589329623451718
945,5.8834012937825086e-05,945,109620,,4.021606359160048,-2.0788798080882414,0.013589329623451718
946,7.016544159896276e-05,946,109736,,4.021606359160048,-2.0788798080882414,0.013589329623451718
947,7.36674194607434e-05,947,109852,,4.021606359160048,-2.0788798080882414,0.013589329623451718
948,6.811110400564702e-05,948,109968,,4.021606359160048,-2.0788798080882414,0.013589329623451718
949,5.554380872052622e-05,949,110084,5,4.055401866186894,-2.0629696228006122,0.012275826858256345
950,4.83766810144004e-05,950,110200,,4.055401866186894,-2.0629696228006122,0.012275826858256345
951,3.475474094086217e-05,951,110316,,4.055401866186894,-2.0629696228006122,0.012275826858256345
952,1.96136502552402e-05,952,110432,,4.055401866186894,-2.0629696228006122,0.012275826858256345
953,1.969962848083484e-05,953,110548,,4.055401866186894,-2.0629696228006122,0.012275826858256345
954,3.3086816116412177e-05,954,110664,5,4.030117094985598,-2.0874807148647845,0.012015142344591112
955,4.337689959763025e-05,955,110780,,4.030117094985598,-2.0874807148647845,0.012015142344591112
956,5.529069086404603e-05,956,110896,,4.030117094985598,-2.0874807148647845,0.012015142344591112
957,6.74422255032836e-05,957,111012,,4.030117094985598,-2.0874807148647845,0.012015142344591112
958,7.26558131896593e-05,958,111128,,4.030117094985598,-2.0874807148647845,0.012015142344591112
959,6.909839868257661e-05,959,111244,5,4.084924861538311,-2.0565461485893124,0.010530159888404
960,5.808664297099475e-05,960,111360,,4.084924861538311,-2.0565461485893124,0.010530159888404
961,4.937521597586647e-05,961,111476,,4.084924861538311,-2.0565461485893124,0.010530159888404
962,3.857419503838777e-05,962,111592,,4.084924861538311,-2.0565461485893124,0.010530159888404
963,2.112036863494149e-05,963,111708,,4.084924861538311,-2.0565461485893124,0.010530159888404
964,1.943282148972325e-05,964,111824,5,4.0602166762646,-2.0802586053196617,0.010305570000466613
965,2.7828005698754543e-05,965,111940,,4.0602166762646,-2.0802586053196617,0.010305570000466613
966,4.192161574176345e-05,966,112056,,4.0602166762646,-2.0802586053196617,0.010305570000466613
967,5.126649052336618e-05,967,112172,,4.0602166762646,-2.0802586053196617,0.010305570000466613
968,6.41424308794325e-05,968,112288,,4.0602166762646,-2.0802586053196617,0.010305570000466613
969,7.116700793130537e-05,969,112404,5,4.107961981424992,-2.054047759725028,0.009108357861848049
970,6.987778637254638e-05,970,112520,,4.107961981424992,-2.054047759725028,0.009108357861848049
971,6.077185201133761e-05,971,112636,,4.107961981424992,-2.054047759725028,0.009108357861848049
972,4.945694235974907e-05,972,112752,,4.107961981424992,-2.054047759725028,0.009108357861848049
973,4.2428600984051323e-05,973,112868,,4.107961981424992,-2.054047759725028,0.009108357861848049
974,2.585827156270648e-05,974,112984,5,4.108651071898935,-2.0599242651562224,0.008600934105524427
975,1.9581940625540417e-05,975,113100,,4.108651071898935,-2.0599242651562224,0.008600934105524427
976,2.3266694375106978e-05,976,113216,,4.108651071898935,-2.0599242651562224,0.008600934105524427
977,3.8713839898729674e-05,977,113332,,4.108651071898935,-2.0599242651562224,0.008600934105524427
978,4.683420436216168e-05,978,113448,,4.108651071898935,-2.0599242651562224,0.008600934105524427
979,6.0201888361394174e-05,979,113564,5,4.1248687693865564,-2.055330513759251,0.007946435546320352
980,6.901430718009305e-05,980,113680,,4.1248687693865564,-2.055330513759251,0.007946435546320352
981,7.020398469079203e-05,981,113796,,4.1248687693865564,-2.055330513759251,0.007946435546320352
982,6.338360014773725e-05,982,113912,,4.1248687693865564,-2.055330513759251,0.007946435546320352
983,5.0968734992384856e-05,983,114028,,4.1248687693865564,-2.055330513759251,0.007946435546320352
984,4.5624512660019656e-05,984,114144,5,4.140455954008683,-2.051065083579563,0.007347076967391342
985,3.187357883654984e-05,985,114260,,4.140455954008683,-2.051065083579563,0.007347076967391342
986,2.0329765940990674e-05,986,114376,,4.140455954008683,-2.051065083579563,0.007347076967391342
987,2.1740380485135713e-05,987,114492,,4.140455954008683,-2.051065083579563,0.007347076967391342
988,3.308680376987172e-05,988,114608,,4.140455954008683,-2.051065083579563,0.007347076967391342
989,4.2788554512673826e-05,989,114724,5,4.14063427730855,-2.0571302594271565,0.0069476133298063125
990,5.5620020916857804e-05,990,114840,,4.14063427730855,-2.0571302594271565,0.0069476133298063125
991,6.603807832666897e-05,991,114956,,4.14063427730855,-2.0571302594271565,0.0069476133298063125
992,6.98181002280196e-05,992,115072,,4.14063427730855,-2.0571302594271565,0.0069476133298063125
993,6.564902890773827e-05,993,115188,,4.14063427730855,-2.0571302594271565,0.0069476133298063125
994,5.5016338569385814e-05,994,115304,5,4.173481324302964,-2.041006107367668,0.006260332916810274
995,4.726892470899302e-05,995,115420,,4.173481324302964,-2.041006107367668,0.006260332916810274
996,3.784962878308762e-05,996,115536,,4.173481324302964,-2.041006107367668,0.006260332916810274
997,2.1847326549778723e-05,997,115652,,4.173481324302964,-2.041006107367668,0.006260332916810274
998,2.0828137224399024e-05,998,115768,,4.173481324302964,-2.041006107367668,0.006260332916810274
999,2.6492755550416858e-05,999,115884,5,4.153018762055074,-2.0614259606211887,0.006112610732824653
1000,4.020942817872797e-05,1000,116000,,4.153018762055074,-2.0614259606211887,0.006112610732824653
